Emergency_Stage,Service,Urgency_Type,Waiting_Time,People_Waiting,Weekday,Day,Month,Season
1.0,Cirurgia,Urgncia Central,54.8125,0.4375,2,15,11,autumn
1.0,Medicina,Urgncia Central,135.13953488372093,0.8953488372093024,2,15,11,autumn
1.0,Medicina,Urgncia Central,171.67567567567568,0.08108108108108109,3,16,11,autumn
1.0,Cirurgia,Urgncia Central,106.84375,0.3125,3,16,11,autumn
1.0,Cirurgia,Urgncia Central,192.4313725490196,0.8627450980392157,4,17,11,autumn
1.0,Medicina,Urgncia Central,129.60416666666666,1.5208333333333333,4,17,11,autumn
1.0,Cirurgia,Urgncia Central,66.0754716981132,0.3018867924528302,5,18,11,autumn
1.0,Medicina,Urgncia Central,95.55932203389831,0.4830508474576271,5,18,11,autumn
1.0,Cirurgia,Urgncia Central,133.25806451612902,0.4838709677419355,6,19,11,autumn
1.0,Medicina,Urgncia Central,30.153846153846153,0.0,6,19,11,autumn
1.0,Medicina,Urgncia Central,135.9746835443038,1.7974683544303798,0,20,11,autumn
1.0,Cirurgia,Urgncia Central,66.12,0.2,0,20,11,autumn
1.0,Medicina,Urgncia Central,142.6413043478261,0.9130434782608695,1,21,11,autumn
1.0,Cirurgia,Urgncia Central,85.27536231884058,0.6666666666666666,1,21,11,autumn
1.0,Medicina,Urgncia Central,153.3673469387755,0.0,2,22,11,autumn
1.0,Cirurgia,Urgncia Central,51.42857142857143,0.0,2,22,11,autumn
1.0,Cirurgia,Urgncia Central,83.91044776119404,0.47761194029850745,3,23,11,autumn
1.0,Medicina,Urgncia Central,101.20689655172414,1.0172413793103448,3,23,11,autumn
1.0,Cirurgia,Urgncia Central,77.57575757575758,0.0,4,24,11,autumn
1.0,Medicina,Urgncia Central,140.32075471698113,0.6981132075471698,4,24,11,autumn
1.0,Medicina,Urgncia Central,128.57608695652175,0.32608695652173914,5,25,11,autumn
1.0,Cirurgia,Urgncia Central,29.272727272727273,0.36363636363636365,5,25,11,autumn
1.0,Cirurgia,Urgncia Central,20.4468085106383,0.1276595744680851,6,26,11,autumn
1.0,Medicina,Urgncia Central,57.557377049180324,0.03278688524590164,6,26,11,autumn
1.0,Cirurgia,Urgncia Central,104.11392405063292,0.7974683544303798,0,27,11,autumn
1.0,Medicina,Urgncia Central,130.53521126760563,2.8028169014084505,0,27,11,autumn
1.0,Medicina,Urgncia Central,148.340206185567,1.2577319587628866,1,28,11,autumn
1.0,Cirurgia,Urgncia Central,23.5,0.0,1,28,11,autumn
1.0,Cirurgia,Urgncia Central,55.32608695652174,0.2391304347826087,2,29,11,autumn
1.0,Medicina,Urgncia Central,92.8529411764706,1.0784313725490196,2,29,11,autumn
1.0,Medicina,Urgncia Central,74.62626262626263,1.3636363636363635,3,30,11,autumn
1.0,Cirurgia,Urgncia Central,51.131147540983605,0.5409836065573771,3,30,11,autumn
1.0,Cirurgia,Urgncia Central,77.62903225806451,0.24193548387096775,4,1,12,autumn
1.0,Medicina,Urgncia Central,149.15463917525773,0.4329896907216495,4,1,12,autumn
1.0,Cirurgia,Urgncia Central,94.2,0.42857142857142855,5,2,12,autumn
1.0,Medicina,Urgncia Central,207.75409836065575,1.0819672131147542,5,2,12,autumn
1.0,Medicina,Urgncia Central,175.71875,0.71875,6,3,12,autumn
1.0,Cirurgia,Urgncia Central,79.296875,0.0,6,3,12,autumn
1.0,Cirurgia,Urgncia Central,114.36065573770492,0.5245901639344263,0,4,12,autumn
1.0,Medicina,Urgncia Central,84.3076923076923,0.057692307692307696,0,4,12,autumn
1.0,Medicina,Urgncia Central,83.32558139534883,0.7093023255813954,1,5,12,autumn
1.0,Cirurgia,Urgncia Central,52.78,0.74,1,5,12,autumn
1.0,Medicina,Urgncia Central,89.8,1.6222222222222222,2,6,12,autumn
1.0,Cirurgia,Urgncia Central,75.34920634920636,0.2698412698412698,2,6,12,autumn
1.0,Cirurgia,Urgncia Central,81.28787878787878,0.6666666666666666,3,7,12,autumn
1.0,Medicina,Urgncia Central,137.10666666666665,1.64,3,7,12,autumn
1.0,Medicina,Urgncia Central,166.67948717948718,0.6923076923076923,4,8,12,autumn
1.0,Cirurgia,Urgncia Central,20.054054054054053,0.05405405405405406,4,8,12,autumn
1.0,Cirurgia,Urgncia Central,25.0,0.12,5,9,12,autumn
1.0,Medicina,Urgncia Central,191.90384615384616,1.8653846153846154,5,9,12,autumn
1.0,Cirurgia,Urgncia Central,127.66666666666667,0.0,6,10,12,autumn
1.0,Medicina,Urgncia Central,193.8,0.5692307692307692,6,10,12,autumn
1.0,Medicina,Urgncia Central,113.29,2.96,0,11,12,autumn
1.0,Cirurgia,Urgncia Central,110.80357142857143,0.8571428571428571,0,11,12,autumn
1.0,Medicina,Urgncia Central,169.36190476190475,2.323809523809524,1,12,12,autumn
1.0,Cirurgia,Urgncia Central,186.73684210526315,1.5263157894736843,1,12,12,autumn
1.0,Medicina,Urgncia Central,120.52702702702703,2.2432432432432434,2,13,12,autumn
1.0,Cirurgia,Urgncia Central,28.830188679245282,0.0,2,13,12,autumn
1.0,Cirurgia,Urgncia Central,16.842105263157894,0.07894736842105263,3,14,12,autumn
1.0,Medicina,Urgncia Central,124.08910891089108,0.7128712871287128,3,14,12,autumn
1.0,Medicina,Urgncia Central,177.42857142857142,2.5454545454545454,4,15,12,autumn
1.0,Cirurgia,Urgncia Central,44.77272727272727,0.13636363636363635,4,15,12,autumn
1.0,Medicina,Urgncia Central,145.2314814814815,2.0555555555555554,5,16,12,autumn
1.0,Cirurgia,Urgncia Central,110.45238095238095,0.10714285714285714,5,16,12,autumn
1.0,Cirurgia,Urgncia Central,88.42592592592592,0.3888888888888889,6,17,12,autumn
1.0,Medicina,Urgncia Central,146.47619047619048,1.1785714285714286,6,17,12,autumn
1.0,Medicina,Urgncia Central,179.09411764705882,1.4,0,18,12,autumn
1.0,Cirurgia,Urgncia Central,58.54545454545455,0.6818181818181818,0,18,12,autumn
1.0,Medicina,Urgncia Central,167.96470588235294,3.541176470588235,1,19,12,autumn
1.0,Cirurgia,Urgncia Central,61.08,0.24,1,19,12,autumn
1.0,Cirurgia,Urgncia Central,131.14285714285714,1.0,2,20,12,autumn
1.0,Medicina,Urgncia Central,185.75,1.2666666666666666,2,20,12,autumn
1.0,Cirurgia,Urgncia Central,39.0,0.0,3,21,12,winter
1.0,Medicina,Urgncia Central,93.14285714285714,0.989010989010989,3,21,12,winter
1.0,Cirurgia,Urgncia Central,57.189189189189186,0.02702702702702703,4,22,12,winter
1.0,Medicina,Urgncia Central,49.75609756097561,0.0,4,22,12,winter
1.0,Medicina,Urgncia Central,141.30769230769232,1.3076923076923077,5,23,12,winter
1.0,Cirurgia,Urgncia Central,170.0,0.3333333333333333,5,23,12,winter
1.0,Cirurgia,Urgncia Central,170.0,0.3333333333333333,6,24,12,winter
1.0,Medicina,Urgncia Central,257.65625,0.65625,6,24,12,winter
1.0,Medicina,Urgncia Central,87.0,0.125,0,25,12,winter
1.0,Cirurgia,Urgncia Central,147.20338983050848,0.1864406779661017,0,25,12,winter
1.0,Medicina,Urgncia Central,203.68421052631578,2.6315789473684212,1,26,12,winter
1.0,Cirurgia,Urgncia Central,39.265306122448976,0.061224489795918366,1,26,12,winter
1.0,Medicina,Urgncia Central,261.6,4.372727272727273,2,27,12,winter
1.0,Cirurgia,Urgncia Central,75.03947368421052,0.6973684210526315,2,27,12,winter
1.0,Medicina,Urgncia Central,335.6727272727273,3.0727272727272728,3,28,12,winter
1.0,Cirurgia,Urgncia Central,39.53846153846154,0.4461538461538462,3,28,12,winter
1.0,Cirurgia,Urgncia Central,32.07692307692308,0.19230769230769232,4,29,12,winter
1.0,Medicina,Urgncia Central,257.16037735849056,1.4433962264150944,4,29,12,winter
1.0,Medicina,Urgncia Central,169.45054945054946,0.9120879120879121,5,30,12,winter
1.0,Cirurgia,Urgncia Central,152.4943820224719,1.2584269662921348,5,30,12,winter
1.0,Medicina,Urgncia Central,169.17241379310346,0.40229885057471265,6,31,12,winter
1.0,Cirurgia,Urgncia Central,46.638888888888886,0.013888888888888888,6,31,12,winter
1.0,Medicina,Urgncia Central,147.76623376623377,1.4415584415584415,0,1,1,winter
1.0,Cirurgia,Urgncia Central,33.0,0.0,0,1,1,winter
1.0,Medicina,Urgncia Central,223.86206896551724,3.896551724137931,1,2,1,winter
1.0,Cirurgia,Urgncia Central,32.0,0.05555555555555555,1,2,1,winter
1.0,Medicina,Urgncia Central,205.58333333333334,1.5,2,3,1,winter
1.0,Cirurgia,Urgncia Central,42.28,0.46,2,3,1,winter
1.0,Cirurgia,Urgncia Central,115.37362637362638,0.6043956043956044,3,4,1,winter
1.0,Medicina,Urgncia Central,204.89705882352942,3.3676470588235294,3,4,1,winter
1.0,Medicina,Urgncia Central,58.25,0.6428571428571429,4,5,1,winter
1.0,Cirurgia,Urgncia Central,161.04,1.06,4,5,1,winter
1.0,Cirurgia,Urgncia Central,100.83928571428571,0.03571428571428571,5,6,1,winter
1.0,Medicina,Urgncia Central,45.354166666666664,0.6666666666666666,5,6,1,winter
1.0,Medicina,Urgncia Central,59.89705882352941,0.14705882352941177,6,7,1,winter
1.0,Cirurgia,Urgncia Central,81.6842105263158,0.07894736842105263,6,7,1,winter
1.0,Medicina,Urgncia Central,148.55172413793105,0.29310344827586204,0,8,1,winter
1.0,Cirurgia,Urgncia Central,39.529411764705884,0.4411764705882353,0,8,1,winter
1.0,Cirurgia,Urgncia Central,167.6417910447761,1.0298507462686568,1,9,1,winter
1.0,Medicina,Urgncia Central,142.96428571428572,2.5952380952380953,1,9,1,winter
1.0,Medicina,Urgncia Central,118.3913043478261,0.9420289855072463,2,10,1,winter
1.0,Cirurgia,Urgncia Central,53.397590361445786,0.6024096385542169,2,10,1,winter
1.0,Cirurgia,Urgncia Central,93.47692307692307,0.8769230769230769,3,11,1,winter
1.0,Medicina,Urgncia Central,104.96470588235294,0.8705882352941177,3,11,1,winter
1.0,Medicina,Urgncia Central,247.7948717948718,0.7564102564102564,4,12,1,winter
1.0,Cirurgia,Urgncia Central,66.82352941176471,0.6764705882352942,4,12,1,winter
1.0,Medicina,Urgncia Central,39.372549019607845,0.0,5,13,1,winter
1.0,Cirurgia,Urgncia Central,55.857142857142854,0.19047619047619047,5,13,1,winter
1.0,Cirurgia,Urgncia Central,15.0,0.0,6,14,1,winter
1.0,Medicina,Urgncia Central,69.025,0.325,6,14,1,winter
1.0,Cirurgia,Urgncia Central,48.3768115942029,1.1159420289855073,0,15,1,winter
1.0,Medicina,Urgncia Central,182.30555555555554,0.08333333333333333,0,15,1,winter
1.0,Medicina,Urgncia Central,229.0,0.0,1,16,1,winter
1.0,Cirurgia,Urgncia Central,48.3768115942029,1.1159420289855073,1,16,1,winter
1.0,Cirurgia,Urgncia Central,34.27777777777778,0.0,2,17,1,winter
1.0,Medicina,Urgncia Central,130.48837209302326,0.627906976744186,2,17,1,winter
1.0,Cirurgia,Urgncia Central,95.94736842105263,1.4736842105263157,3,18,1,winter
1.0,Medicina,Urgncia Central,190.32692307692307,1.4615384615384615,3,18,1,winter
1.0,Cirurgia,Urgncia Central,95.94736842105263,1.4736842105263157,4,19,1,winter
1.0,Medicina,Urgncia Central,190.32692307692307,1.4615384615384615,4,19,1,winter
1.0,Cirurgia,Urgncia Central,95.94736842105263,1.4736842105263157,5,20,1,winter
1.0,Medicina,Urgncia Central,190.32692307692307,1.4615384615384615,5,20,1,winter
1.0,Cirurgia,Urgncia Central,95.94736842105263,1.4736842105263157,6,21,1,winter
1.0,Medicina,Urgncia Central,190.32692307692307,1.4615384615384615,6,21,1,winter
1.0,Cirurgia,Urgncia Central,118.26865671641791,0.8955223880597015,0,22,1,winter
1.0,Medicina,Urgncia Central,77.25396825396825,1.492063492063492,0,22,1,winter
1.0,Cirurgia,Urgncia Central,128.01492537313433,1.5820895522388059,1,23,1,winter
1.0,Medicina,Urgncia Central,158.3111111111111,0.6,1,23,1,winter
1.0,Medicina,Urgncia Central,90.61797752808988,1.0337078651685394,2,24,1,winter
1.0,Cirurgia,Urgncia Central,150.05263157894737,1.6526315789473685,2,24,1,winter
1.0,Cirurgia,Urgncia Central,35.589285714285715,0.19642857142857142,3,25,1,winter
1.0,Medicina,Urgncia Central,197.12359550561797,0.8764044943820225,3,25,1,winter
1.0,Cirurgia,Urgncia Central,57.58974358974359,0.38461538461538464,4,26,1,winter
1.0,Medicina,Urgncia Central,109.58064516129032,0.12903225806451613,4,26,1,winter
1.0,Cirurgia,Urgncia Central,49.0,0.0,5,27,1,winter
1.0,Medicina,Urgncia Central,45.682539682539684,0.873015873015873,5,27,1,winter
1.0,Medicina,Urgncia Central,175.90322580645162,0.5268817204301075,6,28,1,winter
1.0,Cirurgia,Urgncia Central,174.9387755102041,0.46938775510204084,6,28,1,winter
1.0,Cirurgia,Urgncia Central,68.64788732394366,1.1408450704225352,0,29,1,winter
1.0,Medicina,Urgncia Central,141.48936170212767,1.8936170212765957,0,29,1,winter
1.0,Cirurgia,Urgncia Central,201.46153846153845,0.3269230769230769,1,30,1,winter
1.0,Medicina,Urgncia Central,137.9787234042553,1.2340425531914894,1,30,1,winter
1.0,Medicina,Urgncia Central,121.66666666666667,0.7142857142857143,2,31,1,winter
1.0,Cirurgia,Urgncia Central,40.45454545454545,0.1590909090909091,2,31,1,winter
1.0,Cirurgia,Urgncia Central,94.94117647058823,0.36470588235294116,3,1,2,winter
1.0,Medicina,Urgncia Central,112.22549019607843,1.7450980392156863,3,1,2,winter
1.0,Medicina,Urgncia Central,295.95061728395063,0.5679012345679012,4,2,2,winter
1.0,Cirurgia,Urgncia Central,126.8135593220339,2.5762711864406778,4,2,2,winter
1.0,Cirurgia,Urgncia Central,82.84210526315789,0.6666666666666666,5,3,2,winter
1.0,Medicina,Urgncia Central,152.98591549295776,2.056338028169014,5,3,2,winter
1.0,Cirurgia,Urgncia Central,122.65384615384616,0.7307692307692307,6,4,2,winter
1.0,Medicina,Urgncia Central,209.6504854368932,1.6116504854368932,6,4,2,winter
1.0,Cirurgia,Urgncia Central,20.0,0.0,0,5,2,winter
1.0,Medicina,Urgncia Central,130.7,0.2125,0,5,2,winter
1.0,Cirurgia,Urgncia Central,54.1219512195122,0.07317073170731707,1,6,2,winter
1.0,Medicina,Urgncia Central,140.01818181818183,1.2181818181818183,1,6,2,winter
1.0,Cirurgia,Urgncia Central,51.24657534246575,0.5342465753424658,2,7,2,winter
1.0,Medicina,Urgncia Central,188.94505494505495,1.2857142857142858,2,7,2,winter
1.0,Cirurgia,Urgncia Central,42.96875,3.25,3,8,2,winter
1.0,Medicina,Urgncia Central,142.6451612903226,0.3709677419354839,3,8,2,winter
1.0,Cirurgia,Urgncia Central,77.05405405405405,0.8243243243243243,4,9,2,winter
1.0,Medicina,Urgncia Central,76.76190476190476,0.9523809523809523,4,9,2,winter
1.0,Cirurgia,Urgncia Central,44.7962962962963,0.5370370370370371,5,10,2,winter
1.0,Medicina,Urgncia Central,128.0340909090909,0.7613636363636364,5,10,2,winter
1.0,Medicina,Urgncia Central,186.45283018867926,0.1320754716981132,6,11,2,winter
1.0,Cirurgia,Urgncia Central,118.52173913043478,0.2391304347826087,6,11,2,winter
1.0,Cirurgia,Urgncia Central,120.10958904109589,0.9863013698630136,0,12,2,winter
1.0,Medicina,Urgncia Central,216.44444444444446,0.37777777777777777,0,12,2,winter
1.0,Medicina,Urgncia Central,222.44444444444446,1.126984126984127,1,13,2,winter
1.0,Cirurgia,Urgncia Central,159.01315789473685,0.7236842105263158,1,13,2,winter
1.0,Cirurgia,Urgncia Central,27.25,0.17857142857142858,2,14,2,winter
1.0,Medicina,Urgncia Central,209.66666666666666,0.5686274509803921,2,14,2,winter
1.0,Cirurgia,Urgncia Central,62.564516129032256,0.3387096774193548,3,15,2,winter
1.0,Medicina,Urgncia Central,62.888888888888886,0.38271604938271603,3,15,2,winter
1.0,Cirurgia,Urgncia Central,66.82222222222222,0.6,4,16,2,winter
1.0,Medicina,Urgncia Central,102.74117647058823,2.2588235294117647,4,16,2,winter
1.0,Medicina,Urgncia Central,411.6,1.32,5,17,2,winter
1.0,Cirurgia,Urgncia Central,66.82222222222222,0.6,5,17,2,winter
1.0,Cirurgia,Urgncia Central,156.0,0.0,6,18,2,winter
1.0,Medicina,Urgncia Central,377.1904761904762,2.142857142857143,6,18,2,winter
1.0,Medicina,Urgncia Central,202.33333333333334,1.063063063063063,0,19,2,winter
1.0,Cirurgia,Urgncia Central,97.47692307692307,0.8769230769230769,0,19,2,winter
1.0,Cirurgia,Urgncia Central,148.06410256410257,0.7692307692307693,1,20,2,winter
1.0,Medicina,Urgncia Central,146.13186813186815,2.1648351648351647,1,20,2,winter
1.0,Cirurgia,Urgncia Central,142.88636363636363,0.9090909090909091,2,21,2,winter
1.0,Medicina,Urgncia Central,243.7391304347826,1.3478260869565217,2,21,2,winter
1.0,Medicina,Urgncia Central,97.73563218390805,0.7816091954022989,3,22,2,winter
1.0,Cirurgia,Urgncia Central,213.8181818181818,1.1363636363636365,3,22,2,winter
1.0,Cirurgia,Urgncia Central,47.806451612903224,0.45161290322580644,4,23,2,winter
1.0,Medicina,Urgncia Central,182.33333333333334,0.0,4,23,2,winter
1.0,Cirurgia,Urgncia Central,41.559322033898304,0.288135593220339,5,24,2,winter
1.0,Medicina,Urgncia Central,50.90588235294118,1.1764705882352942,5,24,2,winter
1.0,Cirurgia,Urgncia Central,138.16949152542372,0.288135593220339,6,25,2,winter
1.0,Medicina,Urgncia Central,212.86170212765958,0.9574468085106383,6,25,2,winter
1.0,Cirurgia,Urgncia Central,46.96491228070175,0.3333333333333333,0,26,2,winter
1.0,Medicina,Urgncia Central,96.265625,1.4375,0,26,2,winter
1.0,Medicina,Urgncia Central,174.08247422680412,0.8247422680412371,1,27,2,winter
1.0,Cirurgia,Urgncia Central,130.78313253012047,0.3493975903614458,1,27,2,winter
1.0,Cirurgia,Urgncia Central,37.75,0.0,2,28,2,winter
1.0,Medicina,Urgncia Central,102.43434343434343,0.42424242424242425,2,28,2,winter
1.0,Cirurgia,Urgncia Central,259.4259259259259,0.09259259259259259,3,1,3,winter
1.0,Medicina,Urgncia Central,276.81481481481484,2.185185185185185,3,1,3,winter
1.0,Medicina,Urgncia Central,270.85714285714283,1.4453781512605042,4,2,3,winter
1.0,Cirurgia,Urgncia Central,13.114285714285714,0.0,4,2,3,winter
1.0,Medicina,Urgncia Central,163.29310344827587,2.1379310344827585,5,3,3,winter
1.0,Cirurgia,Urgncia Central,121.65217391304348,0.6376811594202898,5,3,3,winter
1.0,Medicina,Urgncia Central,358.6923076923077,2.1923076923076925,6,4,3,winter
1.0,Cirurgia,Urgncia Central,110.23880597014926,0.7761194029850746,6,4,3,winter
1.0,Medicina,Urgncia Central,114.09375,0.4375,0,5,3,winter
1.0,Cirurgia,Urgncia Central,59.575,0.475,0,5,3,winter
1.0,Medicina,Urgncia Central,100.13513513513513,1.0675675675675675,1,6,3,winter
1.0,Cirurgia,Urgncia Central,99.26760563380282,0.16901408450704225,1,6,3,winter
1.0,Medicina,Urgncia Central,84.75806451612904,0.7741935483870968,2,7,3,winter
1.0,Cirurgia,Urgncia Central,50.01754385964912,0.49122807017543857,2,7,3,winter
1.0,Medicina,Urgncia Central,182.6875,1.40625,3,8,3,winter
1.0,Cirurgia,Urgncia Central,23.77777777777778,0.7333333333333333,3,8,3,winter
1.0,Cirurgia,Urgncia Central,128.89361702127658,0.6382978723404256,4,9,3,winter
1.0,Medicina,Urgncia Central,157.63636363636363,2.090909090909091,4,9,3,winter
1.0,Cirurgia,Urgncia Central,158.28,0.04,5,10,3,winter
1.0,Medicina,Urgncia Central,178.9375,0.28125,5,10,3,winter
1.0,Cirurgia,Urgncia Central,158.28,0.04,6,11,3,winter
1.0,Medicina,Urgncia Central,94.34848484848484,0.3333333333333333,6,11,3,winter
1.0,Cirurgia,Urgncia Central,109.80882352941177,0.8970588235294118,0,12,3,winter
1.0,Medicina,Urgncia Central,149.43617021276594,1.5319148936170213,0,12,3,winter
1.0,Cirurgia,Urgncia Central,97.01149425287356,0.9770114942528736,1,13,3,winter
1.0,Medicina,Urgncia Central,138.78947368421052,1.305263157894737,1,13,3,winter
1.0,Medicina,Urgncia Central,162.82954545454547,0.9886363636363636,2,14,3,winter
1.0,Cirurgia,Urgncia Central,94.21518987341773,0.810126582278481,2,14,3,winter
1.0,Medicina,Urgncia Central,180.94736842105263,0.7894736842105263,3,15,3,winter
1.0,Cirurgia,Urgncia Central,115.0126582278481,1.9113924050632911,3,15,3,winter
1.0,Cirurgia,Urgncia Central,181.53703703703704,0.6481481481481481,4,16,3,winter
1.0,Medicina,Urgncia Central,190.3846153846154,1.4307692307692308,4,16,3,winter
1.0,Medicina,Urgncia Central,355.04761904761904,1.7380952380952381,5,17,3,winter
1.0,Cirurgia,Urgncia Central,260.72857142857146,0.4714285714285714,5,17,3,winter
1.0,Cirurgia,Urgncia Central,75.40816326530613,0.2857142857142857,6,18,3,winter
1.0,Medicina,Urgncia Central,57.01587301587302,0.6349206349206349,6,18,3,winter
1.0,Cirurgia,Urgncia Central,75.40816326530613,0.2857142857142857,0,19,3,winter
1.0,Medicina,Urgncia Central,275.0263157894737,0.07894736842105263,0,19,3,winter
1.0,Cirurgia,Urgncia Central,57.14705882352941,0.04411764705882353,1,20,3,winter
1.0,Medicina,Urgncia Central,92.26373626373626,0.6923076923076923,1,20,3,winter
1.0,Cirurgia,Urgncia Central,83.76785714285714,0.39285714285714285,2,21,3,spring
1.0,Medicina,Urgncia Central,85.1980198019802,1.0396039603960396,2,21,3,spring
1.0,Cirurgia,Urgncia Central,203.0566037735849,1.8113207547169812,3,22,3,spring
1.0,Medicina,Urgncia Central,47.5,0.8194444444444444,3,22,3,spring
1.0,Medicina,Urgncia Central,38.44117647058823,0.38235294117647056,4,23,3,spring
1.0,Cirurgia,Urgncia Central,148.13636363636363,0.6136363636363636,4,23,3,spring
1.0,Medicina,Urgncia Central,126.28,0.25333333333333335,5,24,3,spring
1.0,Cirurgia,Urgncia Central,68.95918367346938,0.42857142857142855,5,24,3,spring
1.0,Medicina,Urgncia Central,62.833333333333336,0.018518518518518517,6,25,3,spring
1.0,Cirurgia,Urgncia Central,145.0,0.95,6,25,3,spring
1.0,Medicina,Urgncia Central,88.86301369863014,2.2465753424657535,0,26,3,spring
1.0,Cirurgia,Urgncia Central,88.3125,0.921875,0,26,3,spring
1.0,Medicina,Urgncia Central,214.94915254237287,0.4067796610169492,1,27,3,spring
1.0,Cirurgia,Urgncia Central,74.14516129032258,0.5483870967741935,1,27,3,spring
1.0,Medicina,Urgncia Central,109.66216216216216,1.0675675675675675,2,28,3,spring
1.0,Cirurgia,Urgncia Central,97.925,0.275,2,28,3,spring
1.0,Medicina,Urgncia Central,178.02941176470588,2.0588235294117645,3,29,3,spring
1.0,Cirurgia,Urgncia Central,62.92727272727273,0.2727272727272727,3,29,3,spring
1.0,Medicina,Urgncia Central,214.5625,0.1875,4,30,3,spring
1.0,Cirurgia,Urgncia Central,105.18181818181819,0.12121212121212122,4,30,3,spring
1.0,Cirurgia,Urgncia Central,114.50980392156863,0.7843137254901961,5,31,3,spring
1.0,Medicina,Urgncia Central,161.97368421052633,0.13157894736842105,5,31,3,spring
1.0,Cirurgia,Urgncia Central,292.92,0.08,6,1,4,spring
1.0,Medicina,Urgncia Central,73.26315789473684,0.3684210526315789,6,1,4,spring
1.0,Cirurgia,Urgncia Central,92.16666666666667,0.6111111111111112,0,2,4,spring
1.0,Medicina,Urgncia Central,194.92156862745097,2.3137254901960786,0,2,4,spring
1.0,Medicina,Urgncia Central,227.2688172043011,1.3548387096774193,1,3,4,spring
1.0,Cirurgia,Urgncia Central,114.74545454545455,1.1818181818181819,1,3,4,spring
1.0,Cirurgia,Urgncia Central,98.6829268292683,0.7073170731707317,2,4,4,spring
1.0,Medicina,Urgncia Central,158.97727272727272,2.125,2,4,4,spring
1.0,Cirurgia,Urgncia Central,64.91803278688525,0.5409836065573771,3,5,4,spring
1.0,Medicina,Urgncia Central,135.4320987654321,1.0987654320987654,3,5,4,spring
1.0,Cirurgia,Urgncia Central,183.45714285714286,0.6857142857142857,4,6,4,spring
1.0,Medicina,Urgncia Central,68.4390243902439,0.24390243902439024,4,6,4,spring
1.0,Medicina,Urgncia Central,148.8095238095238,0.7142857142857143,5,7,4,spring
1.0,Cirurgia,Urgncia Central,40.450980392156865,0.21568627450980393,5,7,4,spring
1.0,Cirurgia,Urgncia Central,37.0,0.0,6,8,4,spring
1.0,Medicina,Urgncia Central,317.6341463414634,0.8048780487804879,6,8,4,spring
1.0,Cirurgia,Urgncia Central,45.0,1.0,0,9,4,spring
1.0,Medicina,Urgncia Central,114.50704225352112,1.1549295774647887,0,9,4,spring
1.0,Cirurgia,Urgncia Central,67.07142857142857,0.6071428571428571,1,10,4,spring
1.0,Medicina,Urgncia Central,143.8,1.32,1,10,4,spring
1.0,Cirurgia,Urgncia Central,137.12244897959184,0.8979591836734694,2,11,4,spring
1.0,Medicina,Urgncia Central,150.14285714285714,0.9107142857142857,2,11,4,spring
1.0,Medicina,Urgncia Central,106.72727272727273,1.4181818181818182,3,12,4,spring
1.0,Cirurgia,Urgncia Central,67.13559322033899,0.7627118644067796,3,12,4,spring
1.0,Medicina,Urgncia Central,210.1304347826087,0.0,4,13,4,spring
1.0,Cirurgia,Urgncia Central,69.66666666666667,0.30303030303030304,4,13,4,spring
1.0,Cirurgia,Urgncia Central,174.38709677419354,0.3870967741935484,5,14,4,spring
1.0,Medicina,Urgncia Central,90.32608695652173,0.4782608695652174,5,14,4,spring
1.0,Cirurgia,Urgncia Central,187.5681818181818,0.5227272727272727,6,15,4,spring
1.0,Medicina,Urgncia Central,151.30645161290323,0.9838709677419355,6,15,4,spring
1.0,Medicina,Urgncia Central,96.34782608695652,1.5869565217391304,0,16,4,spring
1.0,Cirurgia,Urgncia Central,51.3469387755102,0.3673469387755102,0,16,4,spring
1.0,Cirurgia,Urgncia Central,76.55555555555556,0.4166666666666667,1,17,4,spring
1.0,Medicina,Urgncia Central,240.40983606557376,2.2459016393442623,1,17,4,spring
1.0,Cirurgia,Urgncia Central,77.77586206896552,0.9655172413793104,2,18,4,spring
1.0,Medicina,Urgncia Central,104.34065934065934,1.2747252747252746,2,18,4,spring
1.0,Medicina,Urgncia Central,146.328125,1.796875,3,19,4,spring
1.0,Cirurgia,Urgncia Central,138.25862068965517,1.1724137931034482,3,19,4,spring
1.0,Medicina,Urgncia Central,149.56756756756758,1.1891891891891893,4,20,4,spring
1.0,Cirurgia,Urgncia Central,109.84848484848484,1.6363636363636365,4,20,4,spring
1.0,Medicina,Urgncia Central,148.4,0.54,5,21,4,spring
1.0,Cirurgia,Urgncia Central,69.87692307692308,0.8,5,21,4,spring
1.0,Medicina,Urgncia Central,146.15873015873015,0.47619047619047616,6,22,4,spring
1.0,Cirurgia,Urgncia Central,34.42857142857143,0.0,6,22,4,spring
1.0,Medicina,Urgncia Central,94.6625,0.7375,0,23,4,spring
1.0,Cirurgia,Urgncia Central,66.0,0.14583333333333334,0,23,4,spring
1.0,Medicina,Urgncia Central,156.24675324675326,1.7012987012987013,1,24,4,spring
1.0,Cirurgia,Urgncia Central,83.0,0.5434782608695652,1,24,4,spring
1.0,Medicina,Urgncia Central,214.16216216216216,1.2432432432432432,2,25,4,spring
1.0,Cirurgia,Urgncia Central,24.272727272727273,0.06818181818181818,2,25,4,spring
1.0,Medicina,Urgncia Central,76.63095238095238,0.4166666666666667,3,26,4,spring
1.0,Cirurgia,Urgncia Central,78.5,0.9666666666666667,3,26,4,spring
1.0,Cirurgia,Urgncia Central,78.6056338028169,0.676056338028169,4,27,4,spring
1.0,Medicina,Urgncia Central,90.21739130434783,0.2391304347826087,4,27,4,spring
1.0,Medicina,Urgncia Central,72.86486486486487,0.32432432432432434,5,28,4,spring
1.0,Cirurgia,Urgncia Central,53.0,0.0,5,28,4,spring
1.0,Medicina,Urgncia Central,163.69811320754718,0.24528301886792453,6,29,4,spring
1.0,Cirurgia,Urgncia Central,31.0,0.0,6,29,4,spring
1.0,Medicina,Urgncia Central,164.29333333333332,0.8266666666666667,0,30,4,spring
1.0,Cirurgia,Urgncia Central,67.60606060606061,0.5303030303030303,0,30,4,spring
1.0,Medicina,Urgncia Central,116.85185185185185,0.4567901234567901,1,1,5,spring
1.0,Cirurgia,Urgncia Central,178.09302325581396,0.5116279069767442,1,1,5,spring
1.0,Medicina,Urgncia Central,154.52459016393442,2.9836065573770494,2,2,5,spring
1.0,Cirurgia,Urgncia Central,153.78333333333333,1.6833333333333333,2,2,5,spring
1.0,Medicina,Urgncia Central,135.74603174603175,0.8095238095238095,3,3,5,spring
1.0,Cirurgia,Urgncia Central,45.87179487179487,0.717948717948718,3,3,5,spring
1.0,Cirurgia,Urgncia Central,195.27586206896552,0.6724137931034483,4,4,5,spring
1.0,Medicina,Urgncia Central,104.82051282051282,2.5641025641025643,4,4,5,spring
1.0,Cirurgia,Urgncia Central,135.82692307692307,0.09615384615384616,5,5,5,spring
1.0,Medicina,Urgncia Central,97.2258064516129,1.4193548387096775,5,5,5,spring
1.0,Cirurgia,Urgncia Central,16.0,0.0,6,6,5,spring
1.0,Medicina,Urgncia Central,103.38356164383562,0.410958904109589,6,6,5,spring
1.0,Medicina,Urgncia Central,164.01234567901236,2.382716049382716,0,7,5,spring
1.0,Cirurgia,Urgncia Central,100.53968253968254,1.5238095238095237,0,7,5,spring
1.0,Medicina,Urgncia Central,146.61702127659575,1.8297872340425532,1,8,5,spring
1.0,Cirurgia,Urgncia Central,21.0,0.0,1,8,5,spring
1.0,Medicina,Urgncia Central,168.26666666666668,0.43333333333333335,2,9,5,spring
1.0,Cirurgia,Urgncia Central,34.056603773584904,0.37735849056603776,2,9,5,spring
1.0,Medicina,Urgncia Central,95.18518518518519,0.2962962962962963,3,10,5,spring
1.0,Cirurgia,Urgncia Central,145.80769230769232,0.9807692307692307,3,10,5,spring
1.0,Cirurgia,Urgncia Central,63.36486486486486,1.1216216216216217,4,11,5,spring
1.0,Medicina,Urgncia Central,129.43103448275863,1.1379310344827587,4,11,5,spring
1.0,Medicina,Urgncia Central,123.47058823529412,0.6470588235294118,5,12,5,spring
1.0,Cirurgia,Urgncia Central,48.2,0.0,5,12,5,spring
1.0,Cirurgia,Urgncia Central,46.5,0.0,6,13,5,spring
1.0,Medicina,Urgncia Central,85.95348837209302,0.37209302325581395,6,13,5,spring
1.0,Medicina,Urgncia Central,96.27118644067797,2.9152542372881354,0,14,5,spring
1.0,Cirurgia,Urgncia Central,92.67241379310344,1.3448275862068966,0,14,5,spring
1.0,Cirurgia,Urgncia Central,131.66666666666666,0.8245614035087719,1,15,5,spring
1.0,Medicina,Urgncia Central,117.64,0.34,1,15,5,spring
1.0,Medicina,Urgncia Central,72.79710144927536,1.434782608695652,2,16,5,spring
1.0,Cirurgia,Urgncia Central,141.73333333333332,1.2933333333333332,2,16,5,spring
1.0,Medicina,Urgncia Central,91.725,0.625,3,17,5,spring
1.0,Cirurgia,Urgncia Central,92.62222222222222,1.1555555555555554,3,17,5,spring
1.0,Medicina,Urgncia Central,164.66666666666666,1.196078431372549,4,18,5,spring
1.0,Cirurgia,Urgncia Central,51.244897959183675,1.8979591836734695,4,18,5,spring
1.0,Medicina,Urgncia Central,86.13793103448276,0.41379310344827586,5,19,5,spring
1.0,Cirurgia,Urgncia Central,184.0,0.0,5,19,5,spring
1.0,Medicina,Urgncia Central,128.93103448275863,0.20689655172413793,6,20,5,spring
1.0,Cirurgia,Urgncia Central,18.0,0.0,6,20,5,spring
1.0,Cirurgia,Urgncia Central,79.63414634146342,1.2926829268292683,0,21,5,spring
1.0,Medicina,Urgncia Central,120.78571428571429,1.0285714285714285,0,21,5,spring
1.0,Cirurgia,Urgncia Central,127.7843137254902,1.411764705882353,1,22,5,spring
1.0,Medicina,Urgncia Central,232.94915254237287,0.7457627118644068,1,22,5,spring
1.0,Cirurgia,Urgncia Central,137.3673469387755,0.2857142857142857,2,23,5,spring
1.0,Medicina,Urgncia Central,77.63636363636364,0.9848484848484849,2,23,5,spring
1.0,Cirurgia,Urgncia Central,153.47916666666666,1.1875,3,24,5,spring
1.0,Medicina,Urgncia Central,160.82089552238807,0.7313432835820896,3,24,5,spring
1.0,Medicina,Urgncia Central,77.11392405063292,0.5189873417721519,4,25,5,spring
1.0,Cirurgia,Urgncia Central,98.01639344262296,0.7377049180327869,4,25,5,spring
1.0,Cirurgia,Urgncia Central,124.60655737704919,0.7540983606557377,5,26,5,spring
1.0,Medicina,Urgncia Central,198.0,0.95,5,26,5,spring
1.0,Cirurgia,Urgncia Central,48.86486486486486,0.16216216216216217,6,27,5,spring
1.0,Medicina,Urgncia Central,128.08450704225353,0.43661971830985913,6,27,5,spring
1.0,Cirurgia,Urgncia Central,125.52083333333333,1.1041666666666667,0,28,5,spring
1.0,Medicina,Urgncia Central,125.8157894736842,2.3947368421052633,0,28,5,spring
1.0,Medicina,Urgncia Central,280.5154639175258,2.9072164948453607,1,29,5,spring
1.0,Cirurgia,Urgncia Central,79.64285714285714,0.5178571428571429,1,29,5,spring
1.0,Cirurgia,Urgncia Central,67.52777777777777,0.6666666666666666,2,30,5,spring
1.0,Medicina,Urgncia Central,138.7816091954023,1.8505747126436782,2,30,5,spring
1.0,Medicina,Urgncia Central,129.0,0.46551724137931033,3,31,5,spring
1.0,Cirurgia,Urgncia Central,210.80701754385964,0.8947368421052632,3,31,5,spring
1.0,Medicina,Urgncia Central,197.2549019607843,2.3333333333333335,4,1,6,spring
1.0,Cirurgia,Urgncia Central,87.25,1.375,4,1,6,spring
1.0,Cirurgia,Urgncia Central,57.333333333333336,0.0,5,2,6,spring
1.0,Medicina,Urgncia Central,164.01666666666668,0.2,5,2,6,spring
1.0,Cirurgia,Urgncia Central,131.81578947368422,0.23684210526315788,6,3,6,spring
1.0,Medicina,Urgncia Central,245.0,0.3333333333333333,6,3,6,spring
1.0,Medicina,Urgncia Central,152.75,0.75,0,4,6,spring
1.0,Cirurgia,Urgncia Central,119.04878048780488,0.3902439024390244,0,4,6,spring
1.0,Medicina,Urgncia Central,150.3148148148148,1.2777777777777777,1,5,6,spring
1.0,Cirurgia,Urgncia Central,53.34782608695652,0.43478260869565216,1,5,6,spring
1.0,Medicina,Urgncia Central,163.03030303030303,0.2727272727272727,2,6,6,spring
1.0,Cirurgia,Urgncia Central,24.47826086956522,0.391304347826087,2,6,6,spring
1.0,Cirurgia,Urgncia Central,139.77966101694915,0.5084745762711864,3,7,6,spring
1.0,Medicina,Urgncia Central,98.05154639175258,0.9896907216494846,3,7,6,spring
1.0,Cirurgia,Urgncia Central,63.58108108108108,0.6756756756756757,4,8,6,spring
1.0,Medicina,Urgncia Central,62.984848484848484,0.5606060606060606,4,8,6,spring
1.0,Medicina,Urgncia Central,43.02739726027397,0.3972602739726027,5,9,6,spring
1.0,Cirurgia,Urgncia Central,106.0,0.0,5,9,6,spring
1.0,Cirurgia,Urgncia Central,92.05714285714286,0.05714285714285714,6,10,6,spring
1.0,Medicina,Urgncia Central,162.27272727272728,0.25,6,10,6,spring
1.0,Cirurgia,Urgncia Central,107.05970149253731,0.5522388059701493,0,11,6,spring
1.0,Medicina,Urgncia Central,243.45238095238096,1.0952380952380953,0,11,6,spring
1.0,Cirurgia,Urgncia Central,76.25925925925925,0.42592592592592593,1,12,6,spring
1.0,Medicina,Urgncia Central,205.43076923076924,1.7846153846153847,1,12,6,spring
1.0,Medicina,Urgncia Central,201.27083333333334,0.125,2,13,6,spring
1.0,Cirurgia,Urgncia Central,96.47619047619048,0.6428571428571429,2,13,6,spring
1.0,Cirurgia,Urgncia Central,30.75,0.6944444444444444,3,14,6,spring
1.0,Medicina,Urgncia Central,212.21951219512195,2.292682926829268,3,14,6,spring
1.0,Cirurgia,Urgncia Central,84.65217391304348,0.6231884057971014,4,15,6,spring
1.0,Medicina,Urgncia Central,46.728813559322035,0.5254237288135594,4,15,6,spring
1.0,Medicina,Urgncia Central,129.2549019607843,0.5686274509803921,5,16,6,spring
1.0,Cirurgia,Urgncia Central,141.11764705882354,0.11764705882352941,5,16,6,spring
1.0,Cirurgia,Urgncia Central,51.52272727272727,0.29545454545454547,6,17,6,spring
1.0,Medicina,Urgncia Central,86.25454545454545,0.3090909090909091,6,17,6,spring
1.0,Cirurgia,Urgncia Central,51.52272727272727,0.29545454545454547,0,18,6,spring
1.0,Medicina,Urgncia Central,75.17948717948718,3.6153846153846154,0,18,6,spring
1.0,Cirurgia,Urgncia Central,51.52272727272727,0.29545454545454547,1,19,6,spring
1.0,Medicina,Urgncia Central,80.0,4.0,1,19,6,spring
1.0,Cirurgia,Urgncia Central,51.52272727272727,0.29545454545454547,2,20,6,spring
1.0,Medicina,Urgncia Central,80.0,4.0,2,20,6,spring
1.0,Cirurgia,Urgncia Central,51.52272727272727,0.29545454545454547,3,21,6,summer
1.0,Medicina,Urgncia Central,80.0,4.0,3,21,6,summer
1.0,Medicina,Urgncia Central,80.0,4.0,4,22,6,summer
1.0,Cirurgia,Urgncia Central,51.52272727272727,0.29545454545454547,4,22,6,summer
1.0,Cirurgia,Urgncia Central,51.52272727272727,0.29545454545454547,5,23,6,summer
1.0,Medicina,Urgncia Central,80.0,4.0,5,23,6,summer
1.0,Cirurgia,Urgncia Central,51.52272727272727,0.29545454545454547,6,24,6,summer
1.0,Medicina,Urgncia Central,80.0,4.0,6,24,6,summer
1.0,Cirurgia,Urgncia Central,51.52272727272727,0.29545454545454547,0,25,6,summer
1.0,Medicina,Urgncia Central,80.0,4.0,0,25,6,summer
1.0,Medicina,Urgncia Central,80.0,4.0,1,26,6,summer
1.0,Cirurgia,Urgncia Central,51.52272727272727,0.29545454545454547,1,26,6,summer
1.0,Cirurgia,Urgncia Central,51.52272727272727,0.29545454545454547,2,27,6,summer
1.0,Medicina,Urgncia Central,80.0,4.0,2,27,6,summer
1.0,Medicina,Urgncia Central,80.0,4.0,3,28,6,summer
1.0,Cirurgia,Urgncia Central,51.52272727272727,0.29545454545454547,3,28,6,summer
1.0,Medicina,Urgncia Central,80.0,4.0,4,29,6,summer
1.0,Cirurgia,Urgncia Central,51.52272727272727,0.29545454545454547,4,29,6,summer
1.0,Medicina,Urgncia Central,80.0,4.0,5,30,6,summer
1.0,Cirurgia,Urgncia Central,51.52272727272727,0.29545454545454547,5,30,6,summer
1.0,Cirurgia,Urgncia Central,51.52272727272727,0.29545454545454547,6,1,7,summer
1.0,Medicina,Urgncia Central,80.0,4.0,6,1,7,summer
1.0,Medicina,Urgncia Central,80.0,4.0,0,2,7,summer
1.0,Cirurgia,Urgncia Central,51.52272727272727,0.29545454545454547,0,2,7,summer
1.0,Cirurgia,Urgncia Central,51.52272727272727,0.29545454545454547,1,3,7,summer
1.0,Medicina,Urgncia Central,80.0,4.0,1,3,7,summer
1.0,Medicina,Urgncia Central,95.72222222222223,2.9365079365079363,2,4,7,summer
1.0,Cirurgia,Urgncia Central,97.84,1.44,2,4,7,summer
1.0,Medicina,Urgncia Central,144.05434782608697,2.3260869565217392,3,5,7,summer
1.0,Cirurgia,Urgncia Central,121.15686274509804,0.3333333333333333,3,5,7,summer
1.0,Medicina,Urgncia Central,152.74666666666667,2.3866666666666667,4,6,7,summer
1.0,Cirurgia,Urgncia Central,106.97333333333333,1.56,4,6,7,summer
1.0,Cirurgia,Urgncia Central,38.54761904761905,0.07142857142857142,5,7,7,summer
1.0,Medicina,Urgncia Central,211.5483870967742,2.032258064516129,5,7,7,summer
1.0,Medicina,Urgncia Central,135.05882352941177,0.8823529411764706,6,8,7,summer
1.0,Cirurgia,Urgncia Central,159.9655172413793,0.8620689655172413,6,8,7,summer
1.0,Cirurgia,Urgncia Central,152.47540983606558,3.459016393442623,0,9,7,summer
1.0,Medicina,Urgncia Central,165.80769230769232,5.596153846153846,0,9,7,summer
1.0,Cirurgia,Urgncia Central,160.94545454545454,1.7636363636363637,1,10,7,summer
1.0,Medicina,Urgncia Central,260.44,1.5,1,10,7,summer
1.0,Cirurgia,Urgncia Central,48.15555555555556,0.3111111111111111,2,11,7,summer
1.0,Medicina,Urgncia Central,141.6,1.9866666666666666,2,11,7,summer
1.0,Medicina,Urgncia Central,185.7027027027027,1.3243243243243243,3,12,7,summer
1.0,Cirurgia,Urgncia Central,78.6086956521739,1.2028985507246377,3,12,7,summer
1.0,Cirurgia,Urgncia Central,45.166666666666664,0.23333333333333334,4,13,7,summer
1.0,Medicina,Urgncia Central,133.97530864197532,1.271604938271605,4,13,7,summer
1.0,Medicina,Urgncia Central,133.97530864197532,1.271604938271605,5,14,7,summer
1.0,Cirurgia,Urgncia Central,45.166666666666664,0.23333333333333334,5,14,7,summer
1.0,Medicina,Urgncia Central,133.97530864197532,1.271604938271605,6,15,7,summer
1.0,Cirurgia,Urgncia Central,45.166666666666664,0.23333333333333334,6,15,7,summer
1.0,Cirurgia,Urgncia Central,45.166666666666664,0.23333333333333334,0,16,7,summer
1.0,Medicina,Urgncia Central,133.97530864197532,1.271604938271605,0,16,7,summer
1.0,Medicina,Urgncia Central,133.97530864197532,1.271604938271605,1,17,7,summer
1.0,Cirurgia,Urgncia Central,45.166666666666664,0.23333333333333334,1,17,7,summer
1.0,Cirurgia,Urgncia Central,45.166666666666664,0.23333333333333334,2,18,7,summer
1.0,Medicina,Urgncia Central,133.97530864197532,1.271604938271605,2,18,7,summer
1.0,Cirurgia,Urgncia Central,45.166666666666664,0.23333333333333334,3,19,7,summer
1.0,Medicina,Urgncia Central,133.97530864197532,1.271604938271605,3,19,7,summer
1.0,Cirurgia,Urgncia Central,41.78846153846154,0.7884615384615384,4,20,7,summer
1.0,Medicina,Urgncia Central,49.704918032786885,0.5901639344262295,4,20,7,summer
1.0,Cirurgia,Urgncia Central,267.0,0.34782608695652173,5,21,7,summer
1.0,Medicina,Urgncia Central,75.8048780487805,0.8292682926829268,5,21,7,summer
1.0,Cirurgia,Urgncia Central,36.8,0.13333333333333333,6,22,7,summer
1.0,Medicina,Urgncia Central,39.64102564102564,0.32051282051282054,6,22,7,summer
1.0,Medicina,Urgncia Central,158.48275862068965,3.5977011494252875,0,23,7,summer
1.0,Cirurgia,Urgncia Central,53.857142857142854,0.2857142857142857,0,23,7,summer
1.0,Cirurgia,Urgncia Central,131.05263157894737,0.3684210526315789,1,24,7,summer
1.0,Medicina,Urgncia Central,282.78,2.76,1,24,7,summer
1.0,Cirurgia,Urgncia Central,151.74545454545455,1.1818181818181819,2,25,7,summer
1.0,Medicina,Urgncia Central,103.74117647058823,0.5647058823529412,2,25,7,summer
1.0,Cirurgia,Urgncia Central,30.7,0.32,3,26,7,summer
1.0,Medicina,Urgncia Central,75.69369369369369,1.117117117117117,3,26,7,summer
1.0,Medicina,Urgncia Central,81.36206896551724,0.5862068965517241,4,27,7,summer
1.0,Cirurgia,Urgncia Central,209.0,0.4583333333333333,4,27,7,summer
1.0,Cirurgia,Urgncia Central,94.21518987341773,0.3037974683544304,5,28,7,summer
1.0,Medicina,Urgncia Central,44.57142857142857,0.015873015873015872,5,28,7,summer
1.0,Medicina,Urgncia Central,197.2,1.775,6,29,7,summer
1.0,Cirurgia,Urgncia Central,76.17948717948718,0.20512820512820512,6,29,7,summer
1.0,Cirurgia,Urgncia Central,64.33333333333333,0.2962962962962963,0,30,7,summer
1.0,Medicina,Urgncia Central,231.0759493670886,2.1012658227848102,0,30,7,summer
1.0,Medicina,Urgncia Central,97.96153846153847,0.8461538461538461,1,31,7,summer
1.0,Cirurgia,Urgncia Central,182.50943396226415,0.03773584905660377,1,31,7,summer
1.0,Medicina,Urgncia Central,154.7171717171717,0.7777777777777778,2,1,8,summer
1.0,Cirurgia,Urgncia Central,33.53658536585366,0.14634146341463414,2,1,8,summer
1.0,Cirurgia,Urgncia Central,179.07462686567163,2.029850746268657,3,2,8,summer
1.0,Medicina,Urgncia Central,79.24489795918367,1.8979591836734695,3,2,8,summer
1.0,Cirurgia,Urgncia Central,267.28125,0.875,4,3,8,summer
1.0,Medicina,Urgncia Central,52.19607843137255,0.09803921568627451,4,3,8,summer
1.0,Cirurgia,Urgncia Central,83.75,0.3125,5,4,8,summer
1.0,Medicina,Urgncia Central,175.5,0.08333333333333333,5,4,8,summer
1.0,Cirurgia,Urgncia Central,73.74358974358974,0.1794871794871795,6,5,8,summer
1.0,Medicina,Urgncia Central,164.4848484848485,1.1818181818181819,6,5,8,summer
1.0,Medicina,Urgncia Central,186.89156626506025,1.5060240963855422,0,6,8,summer
1.0,Cirurgia,Urgncia Central,67.63157894736842,0.47368421052631576,0,6,8,summer
1.0,Medicina,Urgncia Central,151.11475409836066,0.5081967213114754,1,7,8,summer
1.0,Cirurgia,Urgncia Central,59.270270270270274,0.02702702702702703,1,7,8,summer
1.0,Cirurgia,Urgncia Central,36.482142857142854,0.35714285714285715,2,8,8,summer
1.0,Medicina,Urgncia Central,76.68539325842697,0.7415730337078652,2,8,8,summer
1.0,Cirurgia,Urgncia Central,165.7948717948718,3.128205128205128,3,9,8,summer
1.0,Medicina,Urgncia Central,147.87878787878788,5.888888888888889,3,9,8,summer
1.0,Medicina,Urgncia Central,91.11627906976744,1.6744186046511629,4,10,8,summer
1.0,Cirurgia,Urgncia Central,245.66666666666666,0.5714285714285714,4,10,8,summer
1.0,Medicina,Urgncia Central,91.11627906976744,1.6744186046511629,5,11,8,summer
1.0,Cirurgia,Urgncia Central,245.66666666666666,0.5714285714285714,5,11,8,summer
1.0,Medicina,Urgncia Central,91.11627906976744,1.6744186046511629,6,12,8,summer
1.0,Cirurgia,Urgncia Central,245.66666666666666,0.5714285714285714,6,12,8,summer
1.0,Medicina,Urgncia Central,244.02380952380952,2.9523809523809526,0,13,8,summer
1.0,Cirurgia,Urgncia Central,245.66666666666666,0.5714285714285714,0,13,8,summer
1.0,Medicina,Urgncia Central,139.14754098360655,0.9836065573770492,1,14,8,summer
1.0,Cirurgia,Urgncia Central,102.91566265060241,0.43373493975903615,1,14,8,summer
1.0,Cirurgia,Urgncia Central,27.0,0.14285714285714285,2,15,8,summer
1.0,Medicina,Urgncia Central,146.5581395348837,0.06976744186046512,2,15,8,summer
1.0,Cirurgia,Urgncia Central,136.0,1.0833333333333333,3,16,8,summer
1.0,Medicina,Urgncia Central,139.25531914893617,0.6170212765957447,3,16,8,summer
1.0,Medicina,Urgncia Central,131.5,1.0909090909090908,4,17,8,summer
1.0,Cirurgia,Urgncia Central,72.0,0.16666666666666666,4,17,8,summer
1.0,Medicina,Urgncia Central,182.16666666666666,0.05555555555555555,5,18,8,summer
1.0,Cirurgia,Urgncia Central,36.206896551724135,0.0,5,18,8,summer
1.0,Cirurgia,Urgncia Central,45.0,0.0,6,19,8,summer
1.0,Medicina,Urgncia Central,239.94444444444446,1.0833333333333333,6,19,8,summer
1.0,Cirurgia,Urgncia Central,48.90769230769231,0.8,0,20,8,summer
1.0,Medicina,Urgncia Central,131.61194029850745,2.208955223880597,0,20,8,summer
1.0,Cirurgia,Urgncia Central,29.333333333333332,0.5,1,21,8,summer
1.0,Medicina,Urgncia Central,177.85294117647058,1.3235294117647058,1,21,8,summer
1.0,Medicina,Urgncia Central,93.27868852459017,0.5737704918032787,2,22,8,summer
1.0,Cirurgia,Urgncia Central,25.346938775510203,0.3673469387755102,2,22,8,summer
1.0,Cirurgia,Urgncia Central,99.23529411764706,0.35294117647058826,3,23,8,summer
1.0,Medicina,Urgncia Central,132.75675675675674,1.5135135135135136,3,23,8,summer
1.0,Cirurgia,Urgncia Central,33.96,1.8,4,24,8,summer
1.0,Medicina,Urgncia Central,113.50561797752809,1.4831460674157304,4,24,8,summer
1.0,Medicina,Urgncia Central,31.75,0.46153846153846156,5,25,8,summer
1.0,Cirurgia,Urgncia Central,63.47826086956522,0.0,5,25,8,summer
1.0,Cirurgia,Urgncia Central,150.0,0.36363636363636365,6,26,8,summer
1.0,Medicina,Urgncia Central,201.43478260869566,0.0,6,26,8,summer
1.0,Cirurgia,Urgncia Central,15.074074074074074,0.4444444444444444,0,27,8,summer
1.0,Medicina,Urgncia Central,146.5108695652174,2.0760869565217392,0,27,8,summer
1.0,Cirurgia,Urgncia Central,104.39393939393939,0.5454545454545454,1,28,8,summer
1.0,Medicina,Urgncia Central,214.67605633802816,3.0985915492957745,1,28,8,summer
1.0,Cirurgia,Urgncia Central,159.88524590163934,1.721311475409836,2,29,8,summer
1.0,Medicina,Urgncia Central,186.88059701492537,1.8656716417910448,2,29,8,summer
1.0,Medicina,Urgncia Central,257.4130434782609,1.1304347826086956,3,30,8,summer
1.0,Cirurgia,Urgncia Central,156.57692307692307,1.1923076923076923,3,30,8,summer
1.0,Medicina,Urgncia Central,102.32,1.9333333333333333,4,31,8,summer
1.0,Cirurgia,Urgncia Central,137.60377358490567,0.7924528301886793,4,31,8,summer
1.0,Medicina,Urgncia Central,239.8131868131868,2.142857142857143,5,1,9,summer
1.0,Cirurgia,Urgncia Central,123.2,0.1,5,1,9,summer
1.0,Cirurgia,Urgncia Central,56.111111111111114,0.8148148148148148,6,2,9,summer
1.0,Medicina,Urgncia Central,229.0,1.0897435897435896,6,2,9,summer
1.0,Cirurgia,Urgncia Central,66.33333333333333,0.2631578947368421,0,3,9,summer
1.0,Medicina,Urgncia Central,116.45454545454545,1.4393939393939394,0,3,9,summer
1.0,Cirurgia,Urgncia Central,43.733333333333334,0.1,1,4,9,summer
1.0,Medicina,Urgncia Central,118.93103448275862,1.8505747126436782,1,4,9,summer
1.0,Cirurgia,Urgncia Central,125.4090909090909,0.6136363636363636,2,5,9,summer
1.0,Medicina,Urgncia Central,177.0842105263158,1.568421052631579,2,5,9,summer
1.0,Medicina,Urgncia Central,67.83928571428571,0.8928571428571429,3,6,9,summer
1.0,Cirurgia,Urgncia Central,87.0701754385965,0.2807017543859649,3,6,9,summer
1.0,Medicina,Urgncia Central,67.83928571428571,0.8928571428571429,4,7,9,summer
1.0,Cirurgia,Urgncia Central,87.0701754385965,0.2807017543859649,4,7,9,summer
1.0,Cirurgia,Urgncia Central,128.6153846153846,0.07692307692307693,5,8,9,summer
1.0,Medicina,Urgncia Central,224.5,0.9,5,8,9,summer
1.0,Cirurgia,Urgncia Central,27.11111111111111,0.14814814814814814,6,9,9,summer
1.0,Medicina,Urgncia Central,279.2448979591837,1.4081632653061225,6,9,9,summer
1.0,Cirurgia,Urgncia Central,61.61538461538461,0.07692307692307693,0,10,9,summer
1.0,Medicina,Urgncia Central,45.323076923076925,0.3076923076923077,0,10,9,summer
1.0,Cirurgia,Urgncia Central,57.76315789473684,0.5526315789473685,1,11,9,summer
1.0,Medicina,Urgncia Central,145.56944444444446,1.9027777777777777,1,11,9,summer
1.0,Medicina,Urgncia Central,116.89285714285714,0.9047619047619048,2,12,9,summer
1.0,Cirurgia,Urgncia Central,84.15094339622641,0.7924528301886793,2,12,9,summer
1.0,Cirurgia,Urgncia Central,50.0,0.3404255319148936,3,13,9,summer
1.0,Medicina,Urgncia Central,137.72857142857143,2.2,3,13,9,summer
1.0,Cirurgia,Urgncia Central,9.555555555555555,0.037037037037037035,4,14,9,summer
1.0,Medicina,Urgncia Central,87.78688524590164,0.6065573770491803,4,14,9,summer
1.0,Cirurgia,Urgncia Central,108.16666666666667,0.5,5,15,9,summer
1.0,Medicina,Urgncia Central,85.5,0.2692307692307692,5,15,9,summer
1.0,Medicina,Urgncia Central,237.8,1.675,6,16,9,summer
1.0,Cirurgia,Urgncia Central,87.75757575757575,0.0,6,16,9,summer
1.0,Medicina,Urgncia Central,299.1363636363636,1.0151515151515151,0,17,9,summer
1.0,Cirurgia,Urgncia Central,15.222222222222221,0.08333333333333333,0,17,9,summer
1.0,Medicina,Urgncia Central,101.98701298701299,0.974025974025974,1,18,9,summer
1.0,Cirurgia,Urgncia Central,37.361111111111114,0.4444444444444444,1,18,9,summer
1.0,Cirurgia,Urgncia Central,137.275,0.325,2,19,9,summer
1.0,Medicina,Urgncia Central,107.9245283018868,0.9433962264150944,2,19,9,summer
1.0,Medicina,Urgncia Central,107.11940298507463,1.671641791044776,3,20,9,summer
1.0,Cirurgia,Urgncia Central,60.60377358490566,0.1509433962264151,3,20,9,summer
1.0,Cirurgia,Urgncia Central,60.60377358490566,0.1509433962264151,4,21,9,summer
1.0,Medicina,Urgncia Central,357.29411764705884,0.35294117647058826,4,21,9,summer
1.0,Medicina,Urgncia Central,357.29411764705884,0.35294117647058826,5,22,9,summer
1.0,Cirurgia,Urgncia Central,60.60377358490566,0.1509433962264151,5,22,9,summer
1.0,Medicina,Urgncia Central,357.29411764705884,0.35294117647058826,6,23,9,autumn
1.0,Cirurgia,Urgncia Central,60.60377358490566,0.1509433962264151,6,23,9,autumn
1.0,Cirurgia,Urgncia Central,60.60377358490566,0.1509433962264151,0,24,9,autumn
1.0,Medicina,Urgncia Central,357.29411764705884,0.35294117647058826,0,24,9,autumn
1.0,Medicina,Urgncia Central,154.45283018867926,4.471698113207547,1,25,9,autumn
1.0,Cirurgia,Urgncia Central,116.37837837837837,0.972972972972973,1,25,9,autumn
1.0,Medicina,Urgncia Central,154.15714285714284,0.5142857142857142,2,26,9,autumn
1.0,Cirurgia,Urgncia Central,120.93478260869566,0.5434782608695652,2,26,9,autumn
1.0,Medicina,Urgncia Central,159.28571428571428,0.9821428571428571,3,27,9,autumn
1.0,Cirurgia,Urgncia Central,13.454545454545455,0.13636363636363635,3,27,9,autumn
1.0,Medicina,Urgncia Central,123.74074074074075,0.9259259259259259,4,28,9,autumn
1.0,Cirurgia,Urgncia Central,102.57142857142857,1.380952380952381,4,28,9,autumn
1.0,Medicina,Urgncia Central,292.275,3.275,5,29,9,autumn
1.0,Cirurgia,Urgncia Central,69.08333333333333,0.3055555555555556,5,29,9,autumn
1.0,Cirurgia,Urgncia Central,126.0,0.0,6,30,9,autumn
1.0,Medicina,Urgncia Central,169.0952380952381,3.392857142857143,6,30,9,autumn
1.0,Cirurgia,Urgncia Central,172.2,0.0,0,1,10,autumn
1.0,Medicina,Urgncia Central,124.56363636363636,2.8363636363636364,0,1,10,autumn
1.0,Medicina,Urgncia Central,148.66071428571428,0.9821428571428571,1,2,10,autumn
1.0,Cirurgia,Urgncia Central,54.891891891891895,0.4864864864864865,1,2,10,autumn
1.0,Cirurgia,Urgncia Central,89.71428571428571,0.8,2,3,10,autumn
1.0,Medicina,Urgncia Central,144.45,2.89,2,3,10,autumn
1.0,Cirurgia,Urgncia Central,295.9230769230769,1.5,3,4,10,autumn
1.0,Medicina,Urgncia Central,148.44615384615383,1.5846153846153845,3,4,10,autumn
1.0,Cirurgia,Urgncia Central,196.78378378378378,0.3783783783783784,4,5,10,autumn
1.0,Medicina,Urgncia Central,67.09375,1.375,4,5,10,autumn
1.0,Cirurgia,Urgncia Central,33.0,1.8181818181818181,5,6,10,autumn
1.0,Medicina,Urgncia Central,73.31818181818181,2.9393939393939394,5,6,10,autumn
1.0,Medicina,Urgncia Central,52.22,0.22,6,7,10,autumn
1.0,Cirurgia,Urgncia Central,63.0,0.0,6,7,10,autumn
1.0,Medicina,Urgncia Central,201.5,2.3205128205128207,0,8,10,autumn
1.0,Cirurgia,Urgncia Central,10.173913043478262,0.4782608695652174,0,8,10,autumn
1.0,Medicina,Urgncia Central,118.05714285714286,0.37142857142857144,1,9,10,autumn
1.0,Cirurgia,Urgncia Central,36.92857142857143,0.14285714285714285,1,9,10,autumn
1.0,Medicina,Urgncia Central,118.05714285714286,0.37142857142857144,2,10,10,autumn
1.0,Cirurgia,Urgncia Central,36.92857142857143,0.14285714285714285,2,10,10,autumn
1.0,Cirurgia,Urgncia Central,36.92857142857143,0.14285714285714285,3,11,10,autumn
1.0,Medicina,Urgncia Central,118.05714285714286,0.37142857142857144,3,11,10,autumn
1.0,Cirurgia,Urgncia Central,36.92857142857143,0.14285714285714285,4,12,10,autumn
1.0,Medicina,Urgncia Central,118.05714285714286,0.37142857142857144,4,12,10,autumn
1.0,Medicina,Urgncia Central,118.05714285714286,0.37142857142857144,5,13,10,autumn
1.0,Cirurgia,Urgncia Central,36.92857142857143,0.14285714285714285,5,13,10,autumn
1.0,Medicina,Urgncia Central,118.05714285714286,0.37142857142857144,6,14,10,autumn
1.0,Cirurgia,Urgncia Central,36.92857142857143,0.14285714285714285,6,14,10,autumn
1.0,Medicina,Urgncia Central,118.05714285714286,0.37142857142857144,0,15,10,autumn
1.0,Cirurgia,Urgncia Central,36.92857142857143,0.14285714285714285,0,15,10,autumn
1.0,Medicina,Urgncia Central,303.85714285714283,1.9714285714285715,1,16,10,autumn
1.0,Cirurgia,Urgncia Central,76.91428571428571,0.4857142857142857,1,16,10,autumn
1.0,Medicina,Urgncia Central,131.42424242424244,0.9545454545454546,2,17,10,autumn
1.0,Cirurgia,Urgncia Central,69.57142857142857,1.1071428571428572,2,17,10,autumn
1.0,Cirurgia,Urgncia Central,110.77358490566037,0.33962264150943394,3,18,10,autumn
1.0,Medicina,Urgncia Central,87.82142857142857,0.26785714285714285,3,18,10,autumn
1.0,Cirurgia,Urgncia Central,92.0,0.8367346938775511,4,19,10,autumn
1.0,Medicina,Urgncia Central,71.29824561403508,1.456140350877193,4,19,10,autumn
1.0,Cirurgia,Urgncia Central,25.428571428571427,0.14285714285714285,5,20,10,autumn
1.0,Medicina,Urgncia Central,121.6268656716418,0.40298507462686567,5,20,10,autumn
1.0,Medicina,Urgncia Central,212.04761904761904,1.5238095238095237,6,21,10,autumn
1.0,Cirurgia,Urgncia Central,41.916666666666664,0.20833333333333334,6,21,10,autumn
1.0,Medicina,Urgncia Central,119.14285714285714,1.7678571428571428,0,22,10,autumn
1.0,Cirurgia,Urgncia Central,23.288888888888888,0.15555555555555556,0,22,10,autumn
1.0,Medicina,Urgncia Central,122.3103448275862,4.724137931034483,1,23,10,autumn
1.0,Cirurgia,Urgncia Central,29.0,0.0,1,23,10,autumn
1.0,Cirurgia,Urgncia Central,210.47368421052633,1.394736842105263,2,24,10,autumn
1.0,Medicina,Urgncia Central,219.8395061728395,1.9506172839506173,2,24,10,autumn
1.0,Cirurgia,Urgncia Central,76.52631578947368,0.24561403508771928,3,25,10,autumn
1.0,Medicina,Urgncia Central,128.234375,0.96875,3,25,10,autumn
1.0,Medicina,Urgncia Central,187.64444444444445,0.7555555555555555,4,26,10,autumn
1.0,Cirurgia,Urgncia Central,278.0,0.0,4,26,10,autumn
1.0,Cirurgia,Urgncia Central,54.97674418604651,0.3488372093023256,5,27,10,autumn
1.0,Medicina,Urgncia Central,245.0,0.5263157894736842,5,27,10,autumn
1.0,Medicina,Urgncia Central,105.88461538461539,0.4230769230769231,6,28,10,autumn
1.0,Cirurgia,Urgncia Central,268.0,0.0,6,28,10,autumn
1.0,Medicina,Urgncia Central,124.10309278350516,0.7938144329896907,0,29,10,autumn
1.0,Cirurgia,Urgncia Central,13.0,0.0,0,29,10,autumn
1.0,Medicina,Urgncia Central,202.96875,0.15625,1,30,10,autumn
1.0,Cirurgia,Urgncia Central,45.2463768115942,0.4057971014492754,1,30,10,autumn
1.0,Cirurgia,Urgncia Central,217.05555555555554,0.6111111111111112,2,31,10,autumn
1.0,Medicina,Urgncia Central,92.43478260869566,0.4891304347826087,2,31,10,autumn
1.0,Cirurgia,Urgncia Central,106.84615384615384,0.019230769230769232,3,1,11,autumn
1.0,Medicina,Urgncia Central,68.18823529411765,0.4588235294117647,3,1,11,autumn
1.0,Cirurgia,Urgncia Central,34.745098039215684,0.11764705882352941,4,2,11,autumn
1.0,Medicina,Urgncia Central,127.81818181818181,1.2424242424242424,4,2,11,autumn
1.0,Medicina,Urgncia Central,196.83333333333334,1.5897435897435896,5,3,11,autumn
1.0,Cirurgia,Urgncia Central,59.35820895522388,0.13432835820895522,5,3,11,autumn
1.0,Cirurgia,Urgncia Central,94.91304347826087,0.32608695652173914,6,4,11,autumn
1.0,Medicina,Urgncia Central,132.7017543859649,0.5614035087719298,6,4,11,autumn
1.0,Medicina,Urgncia Central,119.9047619047619,0.1746031746031746,0,5,11,autumn
1.0,Cirurgia,Urgncia Central,62.57627118644068,0.3728813559322034,0,5,11,autumn
1.0,Medicina,Urgncia Central,169.1341463414634,2.426829268292683,1,6,11,autumn
1.0,Cirurgia,Urgncia Central,66.77777777777777,0.044444444444444446,1,6,11,autumn
1.0,Medicina,Urgncia Central,158.5595238095238,1.7738095238095237,2,7,11,autumn
1.0,Cirurgia,Urgncia Central,104.82,0.8,2,7,11,autumn
1.0,Cirurgia,Urgncia Central,65.88,0.32,3,8,11,autumn
1.0,Medicina,Urgncia Central,257.2368421052632,1.6140350877192982,3,8,11,autumn
1.0,Cirurgia,Urgncia Central,61.604651162790695,1.3488372093023255,4,9,11,autumn
1.0,Medicina,Urgncia Central,274.9782608695652,2.119565217391304,4,9,11,autumn
1.0,Cirurgia,Urgncia Central,139.22972972972974,0.2972972972972973,5,10,11,autumn
1.0,Medicina,Urgncia Central,206.7872340425532,1.8617021276595744,5,10,11,autumn
1.0,Cirurgia,Urgncia Central,42.0,0.0,6,11,11,autumn
1.0,Medicina,Urgncia Central,341.5,0.17647058823529413,6,11,11,autumn
1.0,Cirurgia,Urgncia Central,78.47692307692307,0.6307692307692307,0,12,11,autumn
1.0,Medicina,Urgncia Central,103.87323943661971,1.7464788732394365,0,12,11,autumn
1.0,Cirurgia,Urgncia Central,34.596774193548384,0.5161290322580645,1,13,11,autumn
1.0,Medicina,Urgncia Central,187.008547008547,1.5897435897435896,1,13,11,autumn
1.0,Medicina,Urgncia Central,228.21428571428572,2.1875,2,14,11,autumn
1.0,Cirurgia,Urgncia Central,131.73239436619718,1.056338028169014,2,14,11,autumn
1.0,Cirurgia,Urgncia Central,350.5342465753425,0.9452054794520548,3,15,11,autumn
1.0,Medicina,Urgncia Central,187.0857142857143,0.9714285714285714,3,15,11,autumn
1.0,Cirurgia,Urgncia Central,45.023809523809526,0.6904761904761905,4,16,11,autumn
1.0,Medicina,Urgncia Central,144.6986301369863,1.5890410958904109,4,16,11,autumn
1.0,Cirurgia,Urgncia Central,67.33333333333333,0.0,5,17,11,autumn
1.0,Medicina,Urgncia Central,301.15625,0.765625,5,17,11,autumn
1.0,Medicina,Urgncia Central,88.78846153846153,1.4038461538461537,6,18,11,autumn
1.0,Cirurgia,Urgncia Central,35.69565217391305,0.17391304347826086,6,18,11,autumn
1.0,Cirurgia,Urgncia Central,151.66153846153847,0.9230769230769231,0,19,11,autumn
1.0,Medicina,Urgncia Central,200.96116504854368,1.6893203883495145,0,19,11,autumn
1.0,Medicina,Urgncia Central,122.13333333333334,2.408333333333333,1,20,11,autumn
1.0,Cirurgia,Urgncia Central,144.87301587301587,0.42857142857142855,1,20,11,autumn
1.0,Medicina,Urgncia Central,239.88888888888889,0.4444444444444444,2,21,11,autumn
1.0,Cirurgia,Urgncia Central,52.43103448275862,0.10344827586206896,2,21,11,autumn
1.0,Medicina,Urgncia Central,102.72,1.1866666666666668,3,22,11,autumn
1.0,Cirurgia,Urgncia Central,41.0,0.16666666666666666,3,22,11,autumn
1.0,Cirurgia,Urgncia Central,32.94642857142857,0.08928571428571429,4,23,11,autumn
1.0,Medicina,Urgncia Central,176.25675675675674,0.44594594594594594,4,23,11,autumn
1.0,Cirurgia,Urgncia Central,158.0,0.9487179487179487,5,24,11,autumn
1.0,Medicina,Urgncia Central,34.056603773584904,0.2641509433962264,5,24,11,autumn
1.0,Medicina,Urgncia Central,322.1142857142857,2.942857142857143,6,25,11,autumn
1.0,Cirurgia,Urgncia Central,51.5945945945946,0.5675675675675675,6,25,11,autumn
1.0,Cirurgia,Urgncia Central,62.0,1.7073170731707317,0,26,11,autumn
1.0,Medicina,Urgncia Central,223.41584158415841,2.9603960396039604,0,26,11,autumn
1.0,Medicina,Urgncia Central,388.46774193548384,1.1129032258064515,1,27,11,autumn
1.0,Cirurgia,Urgncia Central,129.47368421052633,0.07894736842105263,1,27,11,autumn
1.0,Medicina,Urgncia Central,153.2,0.78,2,28,11,autumn
1.0,Cirurgia,Urgncia Central,139.625,0.0625,2,28,11,autumn
1.0,Medicina,Urgncia Central,33.10344827586207,0.3448275862068966,3,29,11,autumn
1.0,Cirurgia,Urgncia Central,56.25,0.2708333333333333,3,29,11,autumn
1.0,Medicina,Urgncia Central,183.02197802197801,0.7802197802197802,4,30,11,autumn
1.0,Cirurgia,Urgncia Central,161.53333333333333,0.0,4,30,11,autumn
1.0,Medicina,Urgncia Central,239.8793103448276,2.6724137931034484,5,1,12,autumn
1.0,Cirurgia,Urgncia Central,106.23076923076923,0.6730769230769231,5,1,12,autumn
1.0,Medicina,Urgncia Central,173.83333333333334,0.5555555555555556,6,2,12,autumn
1.0,Cirurgia,Urgncia Central,127.64,0.02,6,2,12,autumn
1.0,Cirurgia,Urgncia Central,94.43548387096774,0.0967741935483871,0,3,12,autumn
1.0,Medicina,Urgncia Central,141.71028037383178,0.6728971962616822,0,3,12,autumn
1.0,Medicina,Urgncia Central,146.375,0.8522727272727273,1,4,12,autumn
1.0,Cirurgia,Urgncia Central,59.28813559322034,0.6610169491525424,1,4,12,autumn
1.0,Cirurgia,Urgncia Central,176.5125,0.575,2,5,12,autumn
1.0,Medicina,Urgncia Central,228.89361702127658,5.808510638297872,2,5,12,autumn
1.0,Cirurgia,Urgncia Central,92.48717948717949,0.4358974358974359,3,6,12,autumn
1.0,Medicina,Urgncia Central,132.63888888888889,1.2777777777777777,3,6,12,autumn
1.0,Medicina,Urgncia Central,166.25233644859813,1.439252336448598,4,7,12,autumn
1.0,Cirurgia,Urgncia Central,42.58064516129032,0.3870967741935484,4,7,12,autumn
1.0,Cirurgia,Urgncia Central,29.576923076923077,0.038461538461538464,5,8,12,autumn
1.0,Medicina,Urgncia Central,67.52830188679245,0.5566037735849056,5,8,12,autumn
1.0,Cirurgia,Urgncia Central,75.76666666666667,0.3,6,9,12,autumn
1.0,Medicina,Urgncia Central,186.52238805970148,0.3582089552238806,6,9,12,autumn
1.0,Medicina,Urgncia Central,71.21739130434783,0.40217391304347827,0,10,12,autumn
1.0,Cirurgia,Urgncia Central,68.55263157894737,0.02631578947368421,0,10,12,autumn
1.0,Cirurgia,Urgncia Central,43.979166666666664,0.4791666666666667,1,11,12,autumn
1.0,Medicina,Urgncia Central,154.39240506329114,1.9873417721518987,1,11,12,autumn
1.0,Medicina,Urgncia Central,191.18367346938774,1.9183673469387754,2,12,12,autumn
1.0,Cirurgia,Urgncia Central,21.46153846153846,0.15384615384615385,2,12,12,autumn
1.0,Cirurgia,Urgncia Central,118.86792452830188,0.3584905660377358,3,13,12,autumn
1.0,Medicina,Urgncia Central,156.66666666666666,1.6666666666666667,3,13,12,autumn
1.0,Medicina,Urgncia Central,221.03703703703704,0.2222222222222222,4,14,12,autumn
1.0,Cirurgia,Urgncia Central,160.0,0.0,4,14,12,autumn
1.0,Cirurgia,Urgncia Central,56.5,0.20588235294117646,5,15,12,autumn
1.0,Medicina,Urgncia Central,48.473684210526315,0.49122807017543857,5,15,12,autumn
1.0,Cirurgia,Urgncia Central,81.59183673469387,0.46938775510204084,6,16,12,autumn
1.0,Medicina,Urgncia Central,154.43478260869566,0.6086956521739131,6,16,12,autumn
1.0,Cirurgia,Urgncia Central,24.257142857142856,0.02857142857142857,0,17,12,autumn
1.0,Medicina,Urgncia Central,109.01515151515152,0.5606060606060606,0,17,12,autumn
1.0,Cirurgia,Urgncia Central,149.27272727272728,0.5454545454545454,1,18,12,autumn
1.0,Medicina,Urgncia Central,127.25,0.23333333333333334,1,18,12,autumn
1.0,Cirurgia,Urgncia Central,89.42857142857143,0.0,2,19,12,autumn
1.0,Medicina,Urgncia Central,178.5,2.18,2,19,12,autumn
1.0,Medicina,Urgncia Central,314.78409090909093,3.1704545454545454,3,20,12,autumn
1.0,Cirurgia,Urgncia Central,136.09333333333333,0.06666666666666667,3,20,12,autumn
1.0,Cirurgia,Urgncia Central,232.21428571428572,0.0,4,21,12,winter
1.0,Medicina,Urgncia Central,298.0,4.0,4,21,12,winter
1.0,Medicina,Urgncia Central,298.0,4.0,5,22,12,winter
1.0,Cirurgia,Urgncia Central,249.0,0.0,5,22,12,winter
1.0,Medicina,Urgncia Central,248.0,0.0,6,23,12,winter
1.0,Cirurgia,Urgncia Central,249.0,0.0,6,23,12,winter
1.0,Medicina,Urgncia Central,248.0,0.0,0,24,12,winter
1.0,Cirurgia,Urgncia Central,249.0,0.0,0,24,12,winter
1.0,Cirurgia,Urgncia Central,249.0,0.0,1,25,12,winter
1.0,Medicina,Urgncia Central,248.0,0.0,1,25,12,winter
1.0,Cirurgia,Urgncia Central,411.0,0.0,2,26,12,winter
1.0,Medicina,Urgncia Central,248.0,0.0,2,26,12,winter
1.0,Cirurgia,Urgncia Central,411.0,0.0,3,27,12,winter
1.0,Medicina,Urgncia Central,248.0,0.0,3,27,12,winter
1.0,Medicina,Urgncia Central,88.89887640449439,2.2247191011235956,4,28,12,winter
1.0,Cirurgia,Urgncia Central,35.8235294117647,0.11764705882352941,4,28,12,winter
1.0,Cirurgia,Urgncia Central,149.39622641509433,0.11320754716981132,5,29,12,winter
1.0,Medicina,Urgncia Central,368.5208333333333,2.5,5,29,12,winter
1.0,Cirurgia,Urgncia Central,302.5,0.25,6,30,12,winter
1.0,Medicina,Urgncia Central,240.04347826086956,0.5434782608695652,6,30,12,winter
1.0,Medicina,Urgncia Central,473.93548387096774,0.22580645161290322,0,31,12,winter
1.0,Cirurgia,Urgncia Central,225.57575757575756,0.18181818181818182,0,31,12,winter
1.0,Cirurgia,Urgncia Central,225.57575757575756,0.18181818181818182,1,1,1,winter
1.0,Medicina,Urgncia Central,473.93548387096774,0.22580645161290322,1,1,1,winter
1.0,Cirurgia,Urgncia Central,290.85714285714283,0.0,2,2,1,winter
1.0,Medicina,Urgncia Central,241.76,1.16,2,2,1,winter
1.0,Cirurgia,Urgncia Central,85.77941176470588,1.6029411764705883,3,3,1,winter
1.0,Medicina,Urgncia Central,210.0,1.5833333333333333,3,3,1,winter
1.0,Cirurgia,Urgncia Central,69.64583333333333,1.4375,4,4,1,winter
1.0,Medicina,Urgncia Central,231.65853658536585,1.2682926829268293,4,4,1,winter
1.0,Medicina,Urgncia Central,265.0243902439024,1.0,5,5,1,winter
1.0,Cirurgia,Urgncia Central,153.64912280701753,0.12280701754385964,5,5,1,winter
1.0,Medicina,Urgncia Central,211.69354838709677,0.6774193548387096,6,6,1,winter
1.0,Cirurgia,Urgncia Central,46.95,0.05,6,6,1,winter
1.0,Medicina,Urgncia Central,148.88990825688074,1.761467889908257,0,7,1,winter
1.0,Cirurgia,Urgncia Central,75.28571428571429,1.2142857142857142,0,7,1,winter
1.0,Cirurgia,Urgncia Central,93.7948717948718,0.6666666666666666,1,8,1,winter
1.0,Medicina,Urgncia Central,213.70833333333334,1.2916666666666667,1,8,1,winter
1.0,Cirurgia,Urgncia Central,94.09433962264151,0.5094339622641509,2,9,1,winter
1.0,Medicina,Urgncia Central,111.49382716049382,1.2592592592592593,2,9,1,winter
1.0,Cirurgia,Urgncia Central,273.7391304347826,0.0,3,10,1,winter
1.0,Medicina,Urgncia Central,151.5242718446602,1.0679611650485437,3,10,1,winter
1.0,Cirurgia,Urgncia Central,33.266666666666666,0.4,4,11,1,winter
1.0,Medicina,Urgncia Central,59.521126760563384,0.4647887323943662,4,11,1,winter
1.0,Medicina,Urgncia Central,175.1578947368421,1.4210526315789473,5,12,1,winter
1.0,Cirurgia,Urgncia Central,107.65714285714286,0.2,5,12,1,winter
1.0,Medicina,Urgncia Central,10.0,1.0,6,13,1,winter
1.0,Cirurgia,Urgncia Central,106.98275862068965,0.7241379310344828,6,13,1,winter
1.0,Medicina,Urgncia Central,95.85416666666667,1.0,0,14,1,winter
1.0,Cirurgia,Urgncia Central,54.71875,0.34375,0,14,1,winter
1.0,Cirurgia,Urgncia Central,29.05,0.48333333333333334,1,15,1,winter
1.0,Medicina,Urgncia Central,166.9,0.6166666666666667,1,15,1,winter
1.0,Cirurgia,Urgncia Central,111.71052631578948,0.07894736842105263,2,16,1,winter
1.0,Medicina,Urgncia Central,175.62857142857143,1.1,2,16,1,winter
1.0,Cirurgia,Urgncia Central,63.4,1.05,3,17,1,winter
1.0,Medicina,Urgncia Central,178.4814814814815,0.5555555555555556,3,17,1,winter
1.0,Medicina,Urgncia Central,118.97101449275362,1.8405797101449275,4,18,1,winter
1.0,Cirurgia,Urgncia Central,66.4375,0.28125,4,18,1,winter
1.0,Medicina,Urgncia Central,196.0,1.1666666666666667,5,19,1,winter
1.0,Cirurgia,Urgncia Central,60.57446808510638,0.19148936170212766,5,19,1,winter
1.0,Medicina,Urgncia Central,313.9818181818182,1.3636363636363635,6,20,1,winter
1.0,Cirurgia,Urgncia Central,84.52727272727273,0.41818181818181815,6,20,1,winter
1.0,Medicina,Urgncia Central,135.36363636363637,2.5757575757575757,0,21,1,winter
1.0,Cirurgia,Urgncia Central,152.46052631578948,1.1710526315789473,0,21,1,winter
1.0,Medicina,Urgncia Central,177.1,0.9625,1,22,1,winter
1.0,Cirurgia,Urgncia Central,58.5,0.35714285714285715,1,22,1,winter
1.0,Cirurgia,Urgncia Central,78.85714285714286,0.7428571428571429,2,23,1,winter
1.0,Medicina,Urgncia Central,140.81690140845072,1.5070422535211268,2,23,1,winter
1.0,Cirurgia,Urgncia Central,181.33333333333334,1.3055555555555556,3,24,1,winter
1.0,Medicina,Urgncia Central,266.6857142857143,0.8571428571428571,3,24,1,winter
1.0,Medicina,Urgncia Central,64.48275862068965,0.13793103448275862,4,25,1,winter
1.0,Cirurgia,Urgncia Central,264.71875,0.0,4,25,1,winter
1.0,Cirurgia,Urgncia Central,80.65384615384616,0.15384615384615385,5,26,1,winter
1.0,Medicina,Urgncia Central,135.94117647058823,0.0,5,26,1,winter
1.0,Medicina,Urgncia Central,196.07692307692307,0.358974358974359,6,27,1,winter
1.0,Cirurgia,Urgncia Central,28.63157894736842,0.07894736842105263,6,27,1,winter
1.0,Medicina,Urgncia Central,211.14285714285714,2.380952380952381,0,28,1,winter
1.0,Cirurgia,Urgncia Central,38.90909090909091,0.5636363636363636,0,28,1,winter
1.0,Medicina,Urgncia Central,299.7755102040816,2.36734693877551,1,29,1,winter
1.0,Cirurgia,Urgncia Central,38.90909090909091,0.5636363636363636,1,29,1,winter
1.0,Cirurgia,Urgncia Central,95.94366197183099,0.4225352112676056,2,30,1,winter
1.0,Medicina,Urgncia Central,183.16129032258064,1.2903225806451613,2,30,1,winter
1.0,Medicina,Urgncia Central,162.07272727272726,1.8181818181818181,3,31,1,winter
1.0,Cirurgia,Urgncia Central,38.078947368421055,0.6578947368421053,3,31,1,winter
1.0,Cirurgia,Urgncia Central,14.88888888888889,0.5,4,1,2,winter
1.0,Medicina,Urgncia Central,106.57894736842105,1.9342105263157894,4,1,2,winter
1.0,Cirurgia,Urgncia Central,118.4,0.5166666666666667,5,2,2,winter
1.0,Medicina,Urgncia Central,170.7375,2.4375,5,2,2,winter
1.0,Medicina,Urgncia Central,122.55813953488372,0.7674418604651163,6,3,2,winter
1.0,Cirurgia,Urgncia Central,61.38297872340426,0.23404255319148937,6,3,2,winter
1.0,Medicina,Urgncia Central,178.36363636363637,0.7272727272727273,0,4,2,winter
1.0,Cirurgia,Urgncia Central,31.6,0.23333333333333334,0,4,2,winter
1.0,Cirurgia,Urgncia Central,45.08571428571429,0.2,1,5,2,winter
1.0,Medicina,Urgncia Central,90.42622950819673,0.9344262295081968,1,5,2,winter
1.0,Medicina,Urgncia Central,161.3921568627451,2.392156862745098,2,6,2,winter
1.0,Cirurgia,Urgncia Central,43.125,0.3125,2,6,2,winter
1.0,Cirurgia,Urgncia Central,90.8,0.325,3,7,2,winter
1.0,Medicina,Urgncia Central,219.37662337662337,2.0779220779220777,3,7,2,winter
1.0,Cirurgia,Urgncia Central,108.85714285714286,0.0,4,8,2,winter
1.0,Medicina,Urgncia Central,165.47297297297297,2.7432432432432434,4,8,2,winter
1.0,Cirurgia,Urgncia Central,53.94736842105263,0.0,5,9,2,winter
1.0,Medicina,Urgncia Central,268.0,1.3333333333333333,5,9,2,winter
1.0,Cirurgia,Urgncia Central,11.0,0.16666666666666666,6,10,2,winter
1.0,Medicina,Urgncia Central,210.20967741935485,1.0806451612903225,6,10,2,winter
1.0,Cirurgia,Urgncia Central,40.0,0.041666666666666664,0,11,2,winter
1.0,Medicina,Urgncia Central,183.21052631578948,1.719298245614035,0,11,2,winter
1.0,Cirurgia,Urgncia Central,161.40425531914894,0.6808510638297872,1,12,2,winter
1.0,Medicina,Urgncia Central,149.21951219512195,1.5609756097560976,1,12,2,winter
1.0,Medicina,Urgncia Central,158.71641791044777,5.208955223880597,2,13,2,winter
1.0,Cirurgia,Urgncia Central,96.22413793103448,0.41379310344827586,2,13,2,winter
1.0,Medicina,Urgncia Central,221.2962962962963,1.2592592592592593,3,14,2,winter
1.0,Cirurgia,Urgncia Central,136.22448979591837,0.9591836734693877,3,14,2,winter
1.0,Cirurgia,Urgncia Central,29.227272727272727,0.15151515151515152,4,15,2,winter
1.0,Medicina,Urgncia Central,149.6875,1.025,4,15,2,winter
1.0,Medicina,Urgncia Central,95.63888888888889,2.8333333333333335,5,16,2,winter
1.0,Cirurgia,Urgncia Central,108.69565217391305,0.21739130434782608,5,16,2,winter
1.0,Cirurgia,Urgncia Central,19.0,0.0,6,17,2,winter
1.0,Medicina,Urgncia Central,247.74,0.9,6,17,2,winter
1.0,Cirurgia,Urgncia Central,96.17021276595744,0.3191489361702128,0,18,2,winter
1.0,Medicina,Urgncia Central,206.40740740740742,2.425925925925926,0,18,2,winter
1.0,Cirurgia,Urgncia Central,70.07142857142857,1.125,1,19,2,winter
1.0,Medicina,Urgncia Central,203.6206896551724,3.9655172413793105,1,19,2,winter
1.0,Cirurgia,Urgncia Central,40.0,0.0,2,20,2,winter
1.0,Medicina,Urgncia Central,238.72,1.9866666666666666,2,20,2,winter
1.0,Cirurgia,Urgncia Central,98.56603773584905,0.8301886792452831,3,21,2,winter
1.0,Medicina,Urgncia Central,211.4090909090909,0.9318181818181818,3,21,2,winter
1.0,Medicina,Urgncia Central,115.05050505050505,2.111111111111111,4,22,2,winter
1.0,Cirurgia,Urgncia Central,118.3076923076923,0.7051282051282052,4,22,2,winter
1.0,Cirurgia,Urgncia Central,211.0,0.058823529411764705,5,23,2,winter
1.0,Medicina,Urgncia Central,161.525,0.65,5,23,2,winter
1.0,Medicina,Urgncia Central,63.351351351351354,0.05405405405405406,6,24,2,winter
1.0,Cirurgia,Urgncia Central,47.28,0.0,6,24,2,winter
1.0,Medicina,Urgncia Central,70.42592592592592,0.48148148148148145,0,25,2,winter
1.0,Cirurgia,Urgncia Central,33.55102040816327,0.5306122448979592,0,25,2,winter
1.0,Medicina,Urgncia Central,137.76785714285714,1.625,1,26,2,winter
1.0,Cirurgia,Urgncia Central,19.58823529411765,0.29411764705882354,1,26,2,winter
1.0,Cirurgia,Urgncia Central,46.63414634146341,0.5853658536585366,2,27,2,winter
1.0,Medicina,Urgncia Central,127.01612903225806,3.193548387096774,2,27,2,winter
1.0,Cirurgia,Urgncia Central,87.8695652173913,0.0,3,28,2,winter
1.0,Medicina,Urgncia Central,231.9,0.95,3,28,2,winter
1.0,Cirurgia,Urgncia Central,240.58823529411765,0.7058823529411765,4,1,3,winter
1.0,Medicina,Urgncia Central,85.55555555555556,0.5833333333333334,4,1,3,winter
1.0,Medicina,Urgncia Central,168.34246575342465,1.726027397260274,5,2,3,winter
1.0,Cirurgia,Urgncia Central,202.84615384615384,0.10256410256410256,5,2,3,winter
1.0,Medicina,Urgncia Central,208.77777777777777,0.2962962962962963,6,3,3,winter
1.0,Cirurgia,Urgncia Central,506.0,0.0,6,3,3,winter
1.0,Cirurgia,Urgncia Central,99.69565217391305,0.8913043478260869,0,4,3,winter
1.0,Medicina,Urgncia Central,197.62962962962962,2.2098765432098766,0,4,3,winter
1.0,Medicina,Urgncia Central,128.3448275862069,0.22413793103448276,1,5,3,winter
1.0,Cirurgia,Urgncia Central,84.87096774193549,0.06451612903225806,1,5,3,winter
1.0,Cirurgia,Urgncia Central,81.6875,0.625,2,6,3,winter
1.0,Medicina,Urgncia Central,37.91428571428571,0.22857142857142856,2,6,3,winter
1.0,Cirurgia,Urgncia Central,235.52173913043478,1.0434782608695652,3,7,3,winter
1.0,Medicina,Urgncia Central,102.36111111111111,0.1111111111111111,3,7,3,winter
1.0,Cirurgia,Urgncia Central,217.94117647058823,0.0,4,8,3,winter
1.0,Medicina,Urgncia Central,109.96428571428571,0.10714285714285714,4,8,3,winter
1.0,Cirurgia,Urgncia Central,43.0,0.0,5,9,3,winter
1.0,Medicina,Urgncia Central,215.81690140845072,1.4366197183098592,5,9,3,winter
1.0,Medicina,Urgncia Central,214.70967741935485,1.2096774193548387,6,10,3,winter
1.0,Cirurgia,Urgncia Central,50.42857142857143,0.0,6,10,3,winter
1.0,Medicina,Urgncia Central,212.94827586206895,0.7931034482758621,0,11,3,winter
1.0,Cirurgia,Urgncia Central,114.26760563380282,1.2394366197183098,0,11,3,winter
1.0,Cirurgia,Urgncia Central,192.80555555555554,1.6111111111111112,1,12,3,winter
1.0,Medicina,Urgncia Central,160.075,1.975,1,12,3,winter
1.0,Medicina,Urgncia Central,142.9659090909091,0.7954545454545454,2,13,3,winter
1.0,Cirurgia,Urgncia Central,11.516129032258064,0.03225806451612903,2,13,3,winter
1.0,Cirurgia,Urgncia Central,26.973684210526315,0.9210526315789473,3,14,3,winter
1.0,Medicina,Urgncia Central,208.26315789473685,2.3508771929824563,3,14,3,winter
1.0,Cirurgia,Urgncia Central,101.8157894736842,1.0,4,15,3,winter
1.0,Medicina,Urgncia Central,194.4943820224719,1.6292134831460674,4,15,3,winter
1.0,Cirurgia,Urgncia Central,140.5909090909091,0.0,5,16,3,winter
1.0,Medicina,Urgncia Central,126.23333333333333,0.8,5,16,3,winter
1.0,Medicina,Urgncia Central,292.64444444444445,4.488888888888889,6,17,3,winter
1.0,Cirurgia,Urgncia Central,44.8,0.04,6,17,3,winter
1.0,Medicina,Urgncia Central,203.1375,2.1125,0,18,3,winter
1.0,Cirurgia,Urgncia Central,83.03846153846153,0.6923076923076923,0,18,3,winter
1.0,Medicina,Urgncia Central,196.7887323943662,0.8873239436619719,1,19,3,winter
1.0,Cirurgia,Urgncia Central,44.170212765957444,0.9361702127659575,1,19,3,winter
1.0,Cirurgia,Urgncia Central,148.20833333333334,0.2708333333333333,2,20,3,winter
1.0,Medicina,Urgncia Central,145.703125,0.328125,2,20,3,winter
1.0,Cirurgia,Urgncia Central,94.10810810810811,1.4864864864864864,3,21,3,spring
1.0,Medicina,Urgncia Central,87.83333333333333,0.696969696969697,3,21,3,spring
1.0,Medicina,Urgncia Central,90.94736842105263,1.381578947368421,4,22,3,spring
1.0,Cirurgia,Urgncia Central,39.94230769230769,0.38461538461538464,4,22,3,spring
1.0,Cirurgia,Urgncia Central,39.94230769230769,0.38461538461538464,5,23,3,spring
1.0,Medicina,Urgncia Central,204.32558139534885,1.0,5,23,3,spring
1.0,Cirurgia,Urgncia Central,300.3235294117647,0.17647058823529413,6,24,3,spring
1.0,Medicina,Urgncia Central,197.41333333333333,1.9066666666666667,6,24,3,spring
1.0,Cirurgia,Urgncia Central,102.97777777777777,0.28888888888888886,0,25,3,spring
1.0,Medicina,Urgncia Central,249.98701298701297,1.9350649350649352,0,25,3,spring
1.0,Medicina,Urgncia Central,219.2051282051282,2.1794871794871793,1,26,3,spring
1.0,Cirurgia,Urgncia Central,46.42307692307692,0.7692307692307693,1,26,3,spring
1.0,Cirurgia,Urgncia Central,56.96153846153846,0.36538461538461536,2,27,3,spring
1.0,Medicina,Urgncia Central,170.6290322580645,1.0483870967741935,2,27,3,spring
1.0,Medicina,Urgncia Central,182.72916666666666,0.4791666666666667,3,28,3,spring
1.0,Cirurgia,Urgncia Central,67.5945945945946,0.43243243243243246,3,28,3,spring
1.0,Medicina,Urgncia Central,267.96363636363634,1.4,4,29,3,spring
1.0,Cirurgia,Urgncia Central,178.73529411764707,0.4117647058823529,4,29,3,spring
1.0,Medicina,Urgncia Central,267.96363636363634,1.4,5,30,3,spring
1.0,Cirurgia,Urgncia Central,178.73529411764707,0.4117647058823529,5,30,3,spring
1.0,Cirurgia,Urgncia Central,178.73529411764707,0.4117647058823529,6,31,3,spring
1.0,Medicina,Urgncia Central,267.96363636363634,1.4,6,31,3,spring
1.0,Cirurgia,Urgncia Central,178.73529411764707,0.4117647058823529,0,1,4,spring
1.0,Medicina,Urgncia Central,267.96363636363634,1.4,0,1,4,spring
1.0,Cirurgia,Urgncia Central,178.73529411764707,0.4117647058823529,1,2,4,spring
1.0,Medicina,Urgncia Central,267.96363636363634,1.4,1,2,4,spring
1.0,Medicina,Urgncia Central,119.67441860465117,2.511627906976744,2,3,4,spring
1.0,Cirurgia,Urgncia Central,55.03125,0.5625,2,3,4,spring
1.0,Cirurgia,Urgncia Central,100.08571428571429,0.7142857142857143,3,4,4,spring
1.0,Medicina,Urgncia Central,94.02702702702703,0.10810810810810811,3,4,4,spring
1.0,Medicina,Urgncia Central,130.57142857142858,1.5,4,5,4,spring
1.0,Cirurgia,Urgncia Central,52.0,0.0,4,5,4,spring
1.0,Cirurgia,Urgncia Central,268.3157894736842,0.8947368421052632,5,6,4,spring
1.0,Medicina,Urgncia Central,104.61111111111111,0.2777777777777778,5,6,4,spring
1.0,Medicina,Urgncia Central,148.44444444444446,0.8888888888888888,6,7,4,spring
1.0,Cirurgia,Urgncia Central,198.35714285714286,0.0,6,7,4,spring
1.0,Cirurgia,Urgncia Central,27.473684210526315,0.42105263157894735,0,8,4,spring
1.0,Medicina,Urgncia Central,91.8048780487805,2.341463414634146,0,8,4,spring
1.0,Medicina,Urgncia Central,91.8048780487805,2.341463414634146,1,9,4,spring
1.0,Cirurgia,Urgncia Central,27.473684210526315,0.42105263157894735,1,9,4,spring
1.0,Medicina,Urgncia Central,157.89473684210526,2.6315789473684212,2,10,4,spring
1.0,Cirurgia,Urgncia Central,24.666666666666668,0.2222222222222222,2,10,4,spring
1.0,Medicina,Urgncia Central,136.1509433962264,2.1320754716981134,3,11,4,spring
1.0,Cirurgia,Urgncia Central,109.42424242424242,1.7272727272727273,3,11,4,spring
1.0,Cirurgia,Urgncia Central,115.625,2.4375,4,12,4,spring
1.0,Medicina,Urgncia Central,103.36842105263158,1.6842105263157894,4,12,4,spring
1.0,Medicina,Urgncia Central,72.16129032258064,0.3548387096774194,5,13,4,spring
1.0,Cirurgia,Urgncia Central,77.0,0.48,5,13,4,spring
1.0,Medicina,Urgncia Central,60.732142857142854,0.9285714285714286,6,14,4,spring
1.0,Cirurgia,Urgncia Central,22.612903225806452,0.0,6,14,4,spring
1.0,Medicina,Urgncia Central,193.80434782608697,1.8043478260869565,0,15,4,spring
1.0,Cirurgia,Urgncia Central,135.82758620689654,1.1724137931034482,0,15,4,spring
1.0,Cirurgia,Urgncia Central,120.95833333333333,1.0,1,16,4,spring
1.0,Medicina,Urgncia Central,129.06451612903226,1.8064516129032258,1,16,4,spring
1.0,Medicina,Urgncia Central,155.08695652173913,0.6521739130434783,2,17,4,spring
1.0,Cirurgia,Urgncia Central,326.06666666666666,0.4,2,17,4,spring
1.0,Medicina,Urgncia Central,151.4516129032258,0.22580645161290322,3,18,4,spring
1.0,Cirurgia,Urgncia Central,95.36111111111111,1.0555555555555556,3,18,4,spring
1.0,Medicina,Urgncia Central,89.2051282051282,0.7435897435897436,4,19,4,spring
1.0,Cirurgia,Urgncia Central,93.0,0.0,4,19,4,spring
1.0,Medicina,Urgncia Central,216.75757575757575,0.9090909090909091,5,20,4,spring
1.0,Cirurgia,Urgncia Central,57.0,1.1428571428571428,5,20,4,spring
1.0,Medicina,Urgncia Central,152.0,0.0,6,21,4,spring
1.0,Cirurgia,Urgncia Central,161.5,0.25,6,21,4,spring
1.0,Medicina,Urgncia Central,111.13333333333334,2.1666666666666665,0,22,4,spring
1.0,Cirurgia,Urgncia Central,49.51724137931034,0.4482758620689655,0,22,4,spring
1.0,Medicina,Urgncia Central,105.66037735849056,1.169811320754717,1,23,4,spring
1.0,Cirurgia,Urgncia Central,125.44444444444444,0.8333333333333334,1,23,4,spring
1.0,Cirurgia,Urgncia Central,47.869565217391305,0.8695652173913043,2,24,4,spring
1.0,Medicina,Urgncia Central,154.5,1.0961538461538463,2,24,4,spring
1.0,Medicina,Urgncia Central,121.7741935483871,1.1290322580645162,3,25,4,spring
1.0,Cirurgia,Urgncia Central,166.21875,0.625,3,25,4,spring
1.0,Medicina,Urgncia Central,86.78571428571429,0.9285714285714286,4,26,4,spring
1.0,Cirurgia,Urgncia Central,92.63636363636364,0.15151515151515152,4,26,4,spring
1.0,Medicina,Urgncia Central,284.57142857142856,1.1428571428571428,5,27,4,spring
1.0,Cirurgia,Urgncia Central,36.03225806451613,0.7419354838709677,5,27,4,spring
1.0,Medicina,Urgncia Central,208.47619047619048,1.3333333333333333,6,28,4,spring
1.0,Cirurgia,Urgncia Central,134.9375,0.0,6,28,4,spring
1.0,Cirurgia,Urgncia Central,53.48275862068966,0.7586206896551724,0,29,4,spring
1.0,Medicina,Urgncia Central,71.8936170212766,0.7446808510638298,0,29,4,spring
