,Season,Emergency_Stage,Waiting_Time,People_Waiting,Weekday,Day,Month,Yesterday_Waiting_Time
1,autumn,4.0,9.919607843137255,0.058823529411764705,3.0,16.0,11.0,13.905884879725086
2,autumn,4.0,17.54278294149809,0.2565609622744669,4.0,17.0,11.0,9.919607843137255
3,autumn,4.0,26.21278445006321,0.2705831226295828,5.0,18.0,11.0,17.54278294149809
4,autumn,4.0,15.230277185501066,0.1360798050563509,6.0,19.0,11.0,26.21278445006321
5,autumn,4.0,33.51521661296098,0.09344790547798065,0.0,20.0,11.0,15.230277185501066
6,autumn,4.0,27.478832762241627,0.23598983088316572,1.0,21.0,11.0,33.51521661296098
7,autumn,4.0,16.242307692307694,0.0875,2.0,22.0,11.0,27.478832762241627
8,autumn,4.0,15.339770723104056,0.07402998236331569,3.0,23.0,11.0,16.242307692307694
9,autumn,4.0,15.431521739130435,0.14534161490683228,4.0,24.0,11.0,15.339770723104056
10,autumn,4.0,22.861201501877346,0.1014601585314977,5.0,25.0,11.0,15.431521739130435
11,autumn,4.0,27.573170731707314,0.15093672675857192,6.0,26.0,11.0,22.861201501877346
12,autumn,4.0,12.795598234522249,0.05379935583919838,0.0,27.0,11.0,27.573170731707314
13,autumn,4.0,21.570154258886653,0.19899396378269618,1.0,28.0,11.0,12.795598234522249
14,autumn,4.0,25.778375149342892,0.23735563520509756,2.0,29.0,11.0,21.570154258886653
15,autumn,4.0,10.531531531531531,0.0945945945945946,3.0,30.0,11.0,25.778375149342892
16,autumn,4.0,19.66418650793651,0.07316468253968253,4.0,1.0,12.0,10.531531531531531
17,autumn,4.0,20.725820159782423,0.14218935917049125,5.0,2.0,12.0,19.66418650793651
18,autumn,4.0,24.013717805151174,0.13617821148616222,6.0,3.0,12.0,20.725820159782423
19,autumn,4.0,18.621061515378845,0.1888597149287322,0.0,4.0,12.0,24.013717805151174
20,autumn,4.0,16.03279220779221,0.1646103896103896,1.0,5.0,12.0,18.621061515378845
21,autumn,4.0,49.263513513513516,0.19239694239694238,2.0,6.0,12.0,16.03279220779221
22,autumn,4.0,30.240626710454297,0.06397099069512863,3.0,7.0,12.0,49.263513513513516
23,autumn,4.0,20.542940647482013,0.2223021582733813,4.0,8.0,12.0,30.240626710454297
24,autumn,4.0,19.380657327586206,0.18799389367816094,5.0,9.0,12.0,20.542940647482013
25,autumn,4.0,19.827664005553626,0.11827490454703228,6.0,10.0,12.0,19.380657327586206
26,autumn,4.0,16.824612620705143,0.17083988322479227,0.0,11.0,12.0,19.827664005553626
27,autumn,4.0,63.75469367588933,0.5074604743083004,1.0,12.0,12.0,16.824612620705143
28,autumn,4.0,29.63273340832396,0.20686867266591677,2.0,13.0,12.0,63.75469367588933
29,autumn,4.0,22.473529411764705,0.21323529411764708,3.0,14.0,12.0,29.63273340832396
30,autumn,4.0,26.801853171774766,0.181872178664766,4.0,15.0,12.0,22.473529411764705
31,autumn,4.0,14.071867007672633,0.13273657289002558,5.0,16.0,12.0,26.801853171774766
32,autumn,4.0,21.840676137385362,0.2686117604747348,6.0,17.0,12.0,14.071867007672633
33,autumn,4.0,16.919143800813007,0.15942581300813008,0.0,18.0,12.0,21.840676137385362
34,autumn,4.0,19.616802351876977,0.13212347354138398,1.0,19.0,12.0,16.919143800813007
35,autumn,4.0,17.076862886722044,0.11315757794631034,2.0,20.0,12.0,19.616802351876977
36,winter,4.0,23.540357142857143,0.16535714285714287,3.0,21.0,12.0,17.076862886722044
37,winter,4.0,29.169191919191917,0.10840548340548341,4.0,22.0,12.0,23.540357142857143
38,winter,4.0,20.72635135135135,0.07939189189189189,5.0,23.0,12.0,29.169191919191917
39,winter,4.0,19.75121905476369,0.179576144036009,6.0,24.0,12.0,20.72635135135135
40,winter,4.0,27.44873371035161,0.23039095156134742,0.0,25.0,12.0,19.75121905476369
41,winter,4.0,29.68806818181818,0.5204545454545455,1.0,26.0,12.0,27.44873371035161
42,winter,4.0,23.971094527363185,0.2580597014925373,2.0,27.0,12.0,29.68806818181818
43,winter,4.0,18.549960815047022,0.19592476489028213,3.0,28.0,12.0,23.971094527363185
44,winter,4.0,28.75,0.45454545454545453,4.0,29.0,12.0,18.549960815047022
45,winter,4.0,29.55717893217893,0.23484848484848483,5.0,30.0,12.0,28.75
46,winter,4.0,13.447225484439226,0.0916030534351145,6.0,31.0,12.0,29.55717893217893
47,winter,4.0,16.182224025974026,0.12589285714285714,0.0,1.0,1.0,13.447225484439226
48,winter,4.0,20.966911764705884,0.145249766573296,1.0,2.0,1.0,16.182224025974026
49,winter,4.0,22.828092959671906,0.17464114832535885,2.0,3.0,1.0,20.966911764705884
50,winter,4.0,32.37912799481977,0.5221958414274408,3.0,4.0,1.0,22.828092959671906
51,winter,4.0,16.532738095238095,0.1738095238095238,4.0,5.0,1.0,32.37912799481977
52,winter,4.0,38.35398230088496,0.25520693662286587,5.0,6.0,1.0,16.532738095238095
53,winter,4.0,29.271957671957672,0.09576719576719578,6.0,7.0,1.0,38.35398230088496
54,winter,4.0,9.072083333333333,0.093125,0.0,8.0,1.0,29.271957671957672
55,winter,4.0,20.646902654867255,0.048672566371681415,1.0,9.0,1.0,9.072083333333333
56,winter,4.0,38.34464285714286,0.37470238095238095,2.0,10.0,1.0,20.646902654867255
57,winter,4.0,19.967576509511993,0.20599669148056246,3.0,11.0,1.0,38.34464285714286
58,winter,4.0,22.644522144522142,0.07657342657342658,4.0,12.0,1.0,19.967576509511993
59,winter,4.0,29.085258525852588,0.30017287443030016,5.0,13.0,1.0,22.644522144522142
60,winter,4.0,32.50506072874494,0.2082610372084056,6.0,14.0,1.0,29.085258525852588
61,winter,4.0,43.711920990402,0.4342745861733204,0.0,15.0,1.0,32.50506072874494
62,winter,4.0,56.82424242424242,0.04772727272727273,1.0,16.0,1.0,43.711920990402
63,winter,4.0,27.772727272727273,0.29504504504504503,2.0,17.0,1.0,56.82424242424242
64,winter,4.0,32.95892922625596,0.17198386505317198,3.0,18.0,1.0,27.772727272727273
65,winter,4.0,32.95892922625596,0.17198386505317198,4.0,19.0,1.0,32.95892922625596
66,winter,4.0,32.95892922625596,0.17198386505317198,5.0,20.0,1.0,32.95892922625596
67,winter,4.0,32.95892922625596,0.17198386505317198,6.0,21.0,1.0,32.95892922625596
68,winter,4.0,38.763814616755795,0.21880570409982175,0.0,22.0,1.0,32.95892922625596
69,winter,4.0,21.475806451612904,0.07758417706616436,1.0,23.0,1.0,38.763814616755795
70,winter,4.0,14.266666666666666,0.174390243902439,2.0,24.0,1.0,21.475806451612904
71,winter,4.0,34.890294771968854,0.29991657397107896,3.0,25.0,1.0,14.266666666666666
72,winter,4.0,18.697740112994353,0.08898305084745763,4.0,26.0,1.0,34.890294771968854
73,winter,4.0,16.50568181818182,0.09659090909090909,5.0,27.0,1.0,18.697740112994353
74,winter,4.0,11.611264405129038,0.1485148514851485,6.0,28.0,1.0,16.50568181818182
75,winter,4.0,16.06998491704374,0.14306184012066364,0.0,29.0,1.0,11.611264405129038
76,winter,4.0,25.013461538461538,0.20384615384615384,1.0,30.0,1.0,16.06998491704374
77,winter,4.0,16.346875,0.07740384615384616,2.0,31.0,1.0,25.013461538461538
78,winter,4.0,22.38494983277592,0.16906354515050168,3.0,1.0,2.0,16.346875
79,winter,4.0,30.529009608277903,0.2892184035476718,4.0,2.0,2.0,22.38494983277592
80,winter,4.0,14.521032166843408,0.11382113821138211,5.0,3.0,2.0,30.529009608277903
81,winter,4.0,24.21786492374728,0.15490196078431373,6.0,4.0,2.0,14.521032166843408
82,winter,4.0,20.798412698412697,0.24656084656084654,0.0,5.0,2.0,24.21786492374728
83,winter,4.0,19.50749722325065,0.22454646427249167,1.0,6.0,2.0,20.798412698412697
84,winter,4.0,42.25897129186603,0.22129186602870815,2.0,7.0,2.0,19.50749722325065
85,winter,4.0,32.80152671755725,0.154907306434024,3.0,8.0,2.0,42.25897129186603
86,winter,4.0,19.67384004884005,0.18994200244200246,4.0,9.0,2.0,32.80152671755725
87,winter,4.0,36.23782516636419,0.691016333938294,5.0,10.0,2.0,19.67384004884005
88,winter,4.0,21.445447761194032,0.19186567164179105,6.0,11.0,2.0,36.23782516636419
89,winter,4.0,51.124620689655174,0.2886896551724138,0.0,12.0,2.0,21.445447761194032
90,winter,4.0,32.71225806451613,0.14306451612903226,1.0,13.0,2.0,51.124620689655174
91,winter,4.0,19.6592345505618,0.1602001404494382,2.0,14.0,2.0,32.71225806451613
92,winter,4.0,31.818585380290028,0.26235572654631545,3.0,15.0,2.0,19.6592345505618
93,winter,4.0,22.797828863346105,0.33077905491698595,4.0,16.0,2.0,31.818585380290028
94,winter,4.0,41.53700657894737,0.02631578947368421,5.0,17.0,2.0,22.797828863346105
95,winter,4.0,38.1611253196931,0.5786445012787724,6.0,18.0,2.0,41.53700657894737
96,winter,4.0,23.705152394775034,0.17830188679245282,0.0,19.0,2.0,38.1611253196931
97,winter,4.0,28.175361155698234,0.27568218298555375,1.0,20.0,2.0,23.705152394775034
98,winter,4.0,30.29289215686275,0.1556372549019608,2.0,21.0,2.0,28.175361155698234
99,winter,4.0,68.63764684454968,0.5295510427101356,3.0,22.0,2.0,30.29289215686275
100,winter,4.0,35.630434782608695,0.1751207729468599,4.0,23.0,2.0,68.63764684454968
101,winter,4.0,33.53125,0.22916666666666669,5.0,24.0,2.0,35.630434782608695
102,winter,4.0,21.787770897832818,0.13627450980392156,6.0,25.0,2.0,33.53125
103,winter,4.0,31.254671717171718,0.33855218855218855,0.0,26.0,2.0,21.787770897832818
104,winter,4.0,24.978199186607398,0.2308710867303509,1.0,27.0,2.0,31.254671717171718
105,winter,4.0,21.573924731182796,0.2733870967741936,2.0,28.0,2.0,24.978199186607398
106,winter,4.0,18.274545454545454,0.1890909090909091,3.0,1.0,3.0,21.573924731182796
107,winter,4.0,24.379127358490567,0.12824292452830188,4.0,2.0,3.0,18.274545454545454
108,winter,4.0,25.925298179535467,0.3975204017576899,5.0,3.0,3.0,24.379127358490567
109,winter,4.0,14.136815453863466,0.10652663165791448,6.0,4.0,3.0,25.925298179535467
110,winter,4.0,31.557494244517144,0.33142493638676845,0.0,5.0,3.0,14.136815453863466
111,winter,4.0,29.957989854153457,0.3972733037412809,1.0,6.0,3.0,31.557494244517144
112,winter,4.0,19.461225911307174,0.138205247271883,2.0,7.0,3.0,29.957989854153457
113,winter,4.0,24.867243867243868,0.3234126984126984,3.0,8.0,3.0,19.461225911307174
114,winter,4.0,32.546520146520145,0.1227106227106227,4.0,9.0,3.0,24.867243867243868
115,winter,4.0,18.94473958827436,0.20942035859975333,5.0,10.0,3.0,32.546520146520145
116,winter,4.0,13.211805555555555,0.03229166666666666,6.0,11.0,3.0,18.94473958827436
117,winter,4.0,24.832916666666666,0.4004166666666667,0.0,12.0,3.0,13.211805555555555
118,winter,4.0,32.79826054074494,0.13301191151446398,1.0,13.0,3.0,24.832916666666666
119,winter,4.0,20.496391572575952,0.1418926783843557,2.0,14.0,3.0,32.79826054074494
120,winter,4.0,44.023809523809526,0.26190476190476186,3.0,15.0,3.0,20.496391572575952
121,winter,4.0,24.632882882882885,0.1289659224441833,4.0,16.0,3.0,44.023809523809526
122,winter,4.0,23.886913301906127,0.13768190202910432,5.0,17.0,3.0,24.632882882882885
123,winter,4.0,24.026343121518266,0.12482296289302237,6.0,18.0,3.0,23.886913301906127
124,winter,4.0,13.747250000000001,0.1746875,0.0,19.0,3.0,24.026343121518266
125,winter,4.0,17.624779073877697,0.3167196889360198,1.0,20.0,3.0,13.747250000000001
126,spring,4.0,14.533549783549784,0.21843434343434343,2.0,21.0,3.0,17.624779073877697
127,spring,4.0,23.57473900664347,0.30987029421069284,3.0,22.0,3.0,14.533549783549784
128,spring,4.0,32.285349462365595,0.15873655913978493,4.0,23.0,3.0,23.57473900664347
129,spring,4.0,35.901869158878505,0.13914238592633316,5.0,24.0,3.0,32.285349462365595
130,spring,4.0,23.039772727272727,0.0946969696969697,6.0,25.0,3.0,35.901869158878505
131,spring,4.0,26.493474347434745,0.17270477047704771,0.0,26.0,3.0,23.039772727272727
132,spring,4.0,36.98153409090909,0.18607954545454547,1.0,27.0,3.0,26.493474347434745
133,spring,4.0,24.64015444015444,0.26293436293436295,2.0,28.0,3.0,36.98153409090909
134,spring,4.0,25.51159420289855,0.19710144927536233,3.0,29.0,3.0,24.64015444015444
135,spring,4.0,44.92483570646221,0.22275465498357067,4.0,30.0,3.0,25.51159420289855
136,spring,4.0,19.628947368421052,0.2763157894736842,5.0,31.0,3.0,44.92483570646221
137,spring,4.0,24.364838457529963,0.17483064095883272,6.0,1.0,4.0,19.628947368421052
138,spring,4.0,17.009504565184855,0.14391558149977549,0.0,2.0,4.0,24.364838457529963
139,spring,4.0,41.5422932330827,0.2219611528822055,1.0,3.0,4.0,17.009504565184855
140,spring,4.0,18.759803921568626,0.05392156862745098,2.0,4.0,4.0,41.5422932330827
141,spring,4.0,19.907894736842106,0.06578947368421052,3.0,5.0,4.0,18.759803921568626
142,spring,4.0,12.220763571790968,0.06018518518518518,4.0,6.0,4.0,19.907894736842106
143,spring,4.0,26.622727272727275,0.19375,5.0,7.0,4.0,12.220763571790968
144,spring,4.0,19.226014492753624,0.17572463768115942,6.0,8.0,4.0,26.622727272727275
145,spring,4.0,17.62097669256382,0.266315205327414,0.0,9.0,4.0,19.226014492753624
146,spring,4.0,21.23796180987962,0.3380033208800332,1.0,10.0,4.0,17.62097669256382
147,spring,4.0,12.561904761904762,0.10413533834586466,2.0,11.0,4.0,21.23796180987962
148,spring,4.0,26.59879406307978,0.2305194805194805,3.0,12.0,4.0,12.561904761904762
149,spring,4.0,25.519755826859047,0.28257491675915647,4.0,13.0,4.0,26.59879406307978
150,spring,4.0,22.29191176470588,0.24926470588235294,5.0,14.0,4.0,25.519755826859047
151,spring,4.0,17.635933195592287,0.14927685950413222,6.0,15.0,4.0,22.29191176470588
152,spring,4.0,24.110416666666666,0.53125,0.0,16.0,4.0,17.635933195592287
153,spring,4.0,49.67849436585951,0.4690721649484536,1.0,17.0,4.0,24.110416666666666
154,spring,4.0,49.91289592760182,0.27828054298642535,2.0,18.0,4.0,49.67849436585951
155,spring,4.0,20.433898305084746,0.1746390458254865,3.0,19.0,4.0,49.91289592760182
156,spring,4.0,27.76450892857143,0.3000744047619048,4.0,20.0,4.0,20.433898305084746
157,spring,4.0,25.34237938596491,0.3100328947368421,5.0,21.0,4.0,27.76450892857143
158,spring,4.0,22.05564387917329,0.2795442501324854,6.0,22.0,4.0,25.34237938596491
159,spring,4.0,18.634185838731295,0.2035403171766808,0.0,23.0,4.0,22.05564387917329
160,spring,4.0,44.260479688850474,0.12662057044079517,1.0,24.0,4.0,18.634185838731295
161,spring,4.0,27.630452845866223,0.14457831325301204,2.0,25.0,4.0,44.260479688850474
162,spring,4.0,15.782574568288855,0.02197802197802198,3.0,26.0,4.0,27.630452845866223
163,spring,4.0,15.0,0.078125,4.0,27.0,4.0,15.782574568288855
164,spring,4.0,21.5874496502014,0.20420818316726733,5.0,28.0,4.0,15.0
165,spring,4.0,21.720714285714287,0.1660204081632653,6.0,29.0,4.0,21.5874496502014
166,spring,4.0,19.197391304347825,0.13746376811594202,0.0,30.0,4.0,21.720714285714287
167,spring,4.0,31.1797385620915,0.0784313725490196,1.0,1.0,5.0,19.197391304347825
168,spring,4.0,28.143741851368972,0.23883637548891787,2.0,2.0,5.0,31.1797385620915
169,spring,4.0,36.29089861751152,0.28139400921658986,3.0,3.0,5.0,28.143741851368972
170,spring,4.0,17.889633925335268,0.15585357013410656,4.0,4.0,5.0,36.29089861751152
171,spring,4.0,13.052440884820747,0.12814645308924486,5.0,5.0,5.0,17.889633925335268
172,spring,4.0,14.233164983164983,0.1595117845117845,6.0,6.0,5.0,13.052440884820747
173,spring,4.0,24.4671568627451,0.3318627450980392,0.0,7.0,5.0,14.233164983164983
174,spring,4.0,19.176136363636363,0.16136363636363638,1.0,8.0,5.0,24.4671568627451
175,spring,4.0,30.189814814814813,0.1087962962962963,2.0,9.0,5.0,19.176136363636363
176,spring,4.0,16.729080318135992,0.19732272880026885,3.0,10.0,5.0,30.189814814814813
177,spring,4.0,29.99620733249052,0.17699115044247787,4.0,11.0,5.0,16.729080318135992
178,spring,4.0,21.937121212121212,0.04772727272727273,5.0,12.0,5.0,29.99620733249052
179,spring,4.0,38.656563629064635,0.21015656362906465,6.0,13.0,5.0,21.937121212121212
180,spring,4.0,22.397110849056602,0.12382075471698113,0.0,14.0,5.0,38.656563629064635
181,spring,4.0,29.63198833252309,0.2916058985577702,1.0,15.0,5.0,22.397110849056602
182,spring,4.0,48.83762420957543,0.18936314363143633,2.0,16.0,5.0,29.63198833252309
183,spring,4.0,15.068352059925093,0.12921348314606743,3.0,17.0,5.0,48.83762420957543
184,spring,4.0,33.0679012345679,0.1657848324514991,4.0,18.0,5.0,15.068352059925093
185,spring,4.0,35.322649572649574,0.405982905982906,5.0,19.0,5.0,33.0679012345679
186,spring,4.0,26.55145046524357,0.2175697865353038,6.0,20.0,5.0,35.322649572649574
187,spring,4.0,23.651837856406733,0.13981449673651666,0.0,21.0,5.0,26.55145046524357
188,spring,4.0,46.83576051779936,0.1776993233303913,1.0,22.0,5.0,23.651837856406733
189,spring,4.0,8.907234432234432,0.08608058608058608,2.0,23.0,5.0,46.83576051779936
190,spring,4.0,17.63219814241486,0.14829721362229104,3.0,24.0,5.0,8.907234432234432
191,spring,4.0,13.958311888831703,0.022388059701492536,4.0,25.0,5.0,17.63219814241486
192,spring,4.0,23.60900900900901,0.2232732732732733,5.0,26.0,5.0,13.958311888831703
193,spring,4.0,16.053947368421053,0.03289473684210526,6.0,27.0,5.0,23.60900900900901
194,spring,4.0,23.642857142857142,0.2597402597402597,0.0,28.0,5.0,16.053947368421053
195,spring,4.0,24.127536231884058,0.34271099744245526,1.0,29.0,5.0,23.642857142857142
196,spring,4.0,14.58553862603582,0.3810478481689388,2.0,30.0,5.0,24.127536231884058
197,spring,4.0,23.145043103448273,0.2825431034482758,3.0,31.0,5.0,14.58553862603582
198,spring,4.0,18.711772098868874,0.20224130708001675,4.0,1.0,6.0,23.145043103448273
199,spring,4.0,11.368589743589745,0.13221153846153846,5.0,2.0,6.0,18.711772098868874
200,spring,4.0,19.32840653153153,0.0945945945945946,6.0,3.0,6.0,11.368589743589745
201,spring,4.0,28.805555555555554,0.14351851851851852,0.0,4.0,6.0,19.32840653153153
202,spring,4.0,19.43891771682728,0.32713120830244624,1.0,5.0,6.0,28.805555555555554
203,spring,4.0,25.90144639818491,0.30629608621667614,2.0,6.0,6.0,19.43891771682728
204,spring,4.0,28.085895721925134,0.3285427807486631,3.0,7.0,6.0,25.90144639818491
205,spring,4.0,21.046344309048482,0.10902255639097744,4.0,8.0,6.0,28.085895721925134
206,spring,4.0,12.704405922715782,0.11339833875045141,5.0,9.0,6.0,21.046344309048482
207,spring,4.0,21.765265486725664,0.1038716814159292,6.0,10.0,6.0,12.704405922715782
208,spring,4.0,26.756103286384977,0.21725352112676055,0.0,11.0,6.0,21.765265486725664
209,spring,4.0,20.576145552560646,0.16823899371069181,1.0,12.0,6.0,26.756103286384977
210,spring,4.0,56.904761904761905,0.5122887864823349,2.0,13.0,6.0,20.576145552560646
211,spring,4.0,56.89718755820451,0.17610355745948966,3.0,14.0,6.0,56.904761904761905
212,spring,4.0,45.163636363636364,0.1568181818181818,4.0,15.0,6.0,56.89718755820451
213,spring,4.0,16.386609686609688,0.1527065527065527,5.0,16.0,6.0,45.163636363636364
214,spring,4.0,19.30829326923077,0.12079326923076923,6.0,17.0,6.0,16.386609686609688
215,spring,4.0,37.09485294117647,0.3431372549019608,0.0,18.0,6.0,19.30829326923077
216,spring,4.0,42.7125,0.5,1.0,19.0,6.0,37.09485294117647
217,spring,4.0,42.7125,0.5,2.0,20.0,6.0,42.7125
218,summer,4.0,42.7125,0.5,3.0,21.0,6.0,42.7125
219,summer,4.0,42.7125,0.5,4.0,22.0,6.0,42.7125
220,summer,4.0,42.7125,0.5,5.0,23.0,6.0,42.7125
221,summer,4.0,42.7125,0.5,6.0,24.0,6.0,42.7125
222,summer,4.0,42.7125,0.5,0.0,25.0,6.0,42.7125
223,summer,4.0,42.7125,0.5,1.0,26.0,6.0,42.7125
224,summer,4.0,42.7125,0.5,2.0,27.0,6.0,42.7125
225,summer,4.0,42.7125,0.5,3.0,28.0,6.0,42.7125
226,summer,4.0,42.7125,0.5,4.0,29.0,6.0,42.7125
227,summer,4.0,42.7125,0.5,5.0,30.0,6.0,42.7125
228,summer,4.0,42.7125,0.5,6.0,1.0,7.0,42.7125
229,summer,4.0,42.7125,0.5,0.0,2.0,7.0,42.7125
230,summer,4.0,42.7125,0.5,1.0,3.0,7.0,42.7125
231,summer,4.0,45.03467000835422,0.6168546365914787,2.0,4.0,7.0,42.7125
232,summer,4.0,24.844907407407405,0.25601851851851853,3.0,5.0,7.0,45.03467000835422
233,summer,4.0,11.268625522498155,0.09368084583230882,4.0,6.0,7.0,24.844907407407405
234,summer,4.0,16.515943641082686,0.2227474972191324,5.0,7.0,7.0,11.268625522498155
235,summer,4.0,15.422233300099702,0.22333000997008973,6.0,8.0,7.0,16.515943641082686
236,summer,4.0,19.88212669683258,0.11229260935143288,0.0,9.0,7.0,15.422233300099702
237,summer,4.0,18.37596181248219,0.26873753206041606,1.0,10.0,7.0,19.88212669683258
238,summer,4.0,22.017011197243754,0.19810508182601205,2.0,11.0,7.0,18.37596181248219
239,summer,4.0,44.446740128558304,0.1322314049586777,3.0,12.0,7.0,22.017011197243754
240,summer,4.0,23.5258422264072,0.23289391086001254,4.0,13.0,7.0,44.446740128558304
241,summer,4.0,23.5258422264072,0.23289391086001254,5.0,14.0,7.0,23.5258422264072
242,summer,4.0,23.5258422264072,0.23289391086001254,6.0,15.0,7.0,23.5258422264072
243,summer,4.0,23.5258422264072,0.23289391086001254,0.0,16.0,7.0,23.5258422264072
244,summer,4.0,23.5258422264072,0.23289391086001254,1.0,17.0,7.0,23.5258422264072
245,summer,4.0,23.5258422264072,0.23289391086001254,2.0,18.0,7.0,23.5258422264072
246,summer,4.0,23.5258422264072,0.23289391086001254,3.0,19.0,7.0,23.5258422264072
247,summer,4.0,15.778614457831324,0.3381024096385542,4.0,20.0,7.0,23.5258422264072
248,summer,4.0,26.974861221252972,0.1593180015860428,5.0,21.0,7.0,15.778614457831324
249,summer,4.0,40.941696364932284,0.13129009265858874,6.0,22.0,7.0,26.974861221252972
250,summer,4.0,16.497416020671835,0.11314138058324105,0.0,23.0,7.0,40.941696364932284
251,summer,4.0,14.621379310344828,0.11448275862068966,1.0,24.0,7.0,16.497416020671835
252,summer,4.0,14.219072164948454,0.10824742268041238,2.0,25.0,7.0,14.621379310344828
253,summer,4.0,24.04923305294409,0.2525977238990599,3.0,26.0,7.0,14.219072164948454
254,summer,4.0,22.400132275132275,0.19047619047619047,4.0,27.0,7.0,24.04923305294409
255,summer,4.0,14.431369026230687,0.07851239669421488,5.0,28.0,7.0,22.400132275132275
256,summer,4.0,31.622072470172338,0.16123508616880247,6.0,29.0,7.0,14.431369026230687
257,summer,4.0,13.561812297734628,0.14293419633225457,0.0,30.0,7.0,31.622072470172338
258,summer,4.0,16.04222222222222,0.10833333333333334,1.0,31.0,7.0,13.561812297734628
259,summer,4.0,14.745942571785267,0.028089887640449437,2.0,1.0,8.0,16.04222222222222
260,summer,4.0,26.522024451636103,0.24253865516001438,3.0,2.0,8.0,14.745942571785267
261,summer,4.0,13.173831775700933,0.09345794392523364,4.0,3.0,8.0,26.522024451636103
262,summer,4.0,17.569064505234717,0.18811212428233703,5.0,4.0,8.0,13.173831775700933
263,summer,4.0,13.611124517374517,0.20101351351351351,6.0,5.0,8.0,17.569064505234717
264,summer,4.0,22.88382768361582,0.2721045197740113,0.0,6.0,8.0,13.611124517374517
265,summer,4.0,20.037433155080215,0.2054367201426025,1.0,7.0,8.0,22.88382768361582
266,summer,4.0,13.870283018867925,0.1179245283018868,2.0,8.0,8.0,20.037433155080215
267,summer,4.0,32.43311475409836,0.2705573770491803,3.0,9.0,8.0,13.870283018867925
268,summer,4.0,17.645833333333336,0.16190476190476188,4.0,10.0,8.0,32.43311475409836
269,summer,4.0,17.645833333333336,0.16190476190476188,5.0,11.0,8.0,17.645833333333336
270,summer,4.0,17.645833333333336,0.16190476190476188,6.0,12.0,8.0,17.645833333333336
271,summer,4.0,40.50551615445232,0.14342001576044128,0.0,13.0,8.0,17.645833333333336
272,summer,4.0,40.68660714285714,0.3751785714285714,1.0,14.0,8.0,40.50551615445232
273,summer,4.0,66.91125541125541,0.3933982683982684,2.0,15.0,8.0,40.68660714285714
274,summer,4.0,21.018552875695732,0.15596011131725418,3.0,16.0,8.0,66.91125541125541
275,summer,4.0,23.372121212121215,0.2056060606060606,4.0,17.0,8.0,21.018552875695732
276,summer,4.0,20.16681749622926,0.1346153846153846,5.0,18.0,8.0,23.372121212121215
277,summer,4.0,20.20939334637965,0.38051110855301024,6.0,19.0,8.0,20.16681749622926
278,summer,4.0,15.257004211682842,0.0706830250869804,0.0,20.0,8.0,20.20939334637965
279,summer,4.0,23.702479338842977,0.128099173553719,1.0,21.0,8.0,15.257004211682842
280,summer,4.0,28.578064516129032,0.15591397849462366,2.0,22.0,8.0,23.702479338842977
281,summer,4.0,22.357057416267942,0.2562799043062201,3.0,23.0,8.0,28.578064516129032
282,summer,4.0,23.481354565611774,0.19008264462809918,4.0,24.0,8.0,22.357057416267942
283,summer,4.0,14.203919933277732,0.1188490408673895,5.0,25.0,8.0,23.481354565611774
284,summer,4.0,20.564849390092107,0.2412247946228529,6.0,26.0,8.0,14.203919933277732
285,summer,4.0,12.245703611457035,0.04557907845579078,0.0,27.0,8.0,20.564849390092107
286,summer,4.0,18.109361135758654,0.08673469387755102,1.0,28.0,8.0,12.245703611457035
287,summer,4.0,21.01278547725942,0.21003318368143667,2.0,29.0,8.0,18.109361135758654
288,summer,4.0,15.959613022113022,0.2616707616707617,3.0,30.0,8.0,21.01278547725942
289,summer,4.0,16.009605662285136,0.17214357937310415,4.0,31.0,8.0,15.959613022113022
290,summer,4.0,29.25623491552695,0.10176991150442478,5.0,1.0,9.0,16.009605662285136
291,summer,4.0,15.211805555555555,0.0685763888888889,6.0,2.0,9.0,29.25623491552695
292,summer,4.0,19.172523041474655,0.18173963133640553,0.0,3.0,9.0,15.211805555555555
293,summer,4.0,18.11719873454127,0.17637331032499282,1.0,4.0,9.0,19.172523041474655
294,summer,4.0,22.561855670103093,0.16191631291691932,2.0,5.0,9.0,18.11719873454127
295,summer,4.0,41.08659539473685,0.6856085526315789,3.0,6.0,9.0,22.561855670103093
296,summer,4.0,41.08659539473685,0.6856085526315789,4.0,7.0,9.0,41.08659539473685
297,summer,4.0,13.086309523809524,0.24404761904761904,5.0,8.0,9.0,41.08659539473685
298,summer,4.0,18.940934065934066,0.2426739926739927,6.0,9.0,9.0,13.086309523809524
299,summer,4.0,16.263333333333335,0.154,0.0,10.0,9.0,18.940934065934066
300,summer,4.0,20.44286377888747,0.1543955405876205,1.0,11.0,9.0,16.263333333333335
301,summer,4.0,16.942857142857143,0.09313725490196079,2.0,12.0,9.0,20.44286377888747
302,summer,4.0,16.880267794221282,0.1668076109936575,3.0,13.0,9.0,16.942857142857143
303,summer,4.0,14.237668980635732,0.1989404457435148,4.0,14.0,9.0,16.880267794221282
304,summer,4.0,21.059750566893424,0.4556689342403628,5.0,15.0,9.0,14.237668980635732
305,summer,4.0,26.972109589041096,0.34728767123287674,6.0,16.0,9.0,21.059750566893424
306,summer,4.0,38.13650793650794,0.28968253968253965,0.0,17.0,9.0,26.972109589041096
307,summer,4.0,21.874713521772346,0.27043544690603516,1.0,18.0,9.0,38.13650793650794
308,summer,4.0,36.446719946719945,0.1813186813186813,2.0,19.0,9.0,21.874713521772346
309,summer,4.0,14.357273280584296,0.2726719415702982,3.0,20.0,9.0,36.446719946719945
310,summer,4.0,22.486263736263737,0.07692307692307693,4.0,21.0,9.0,14.357273280584296
311,summer,4.0,22.486263736263737,0.07692307692307693,5.0,22.0,9.0,22.486263736263737
312,autumn,4.0,22.486263736263737,0.07692307692307693,6.0,23.0,9.0,22.486263736263737
313,autumn,4.0,22.486263736263737,0.07692307692307693,0.0,24.0,9.0,22.486263736263737
314,autumn,4.0,15.98578947368421,0.19736842105263158,1.0,25.0,9.0,22.486263736263737
315,autumn,4.0,27.257597340930676,0.2044159544159544,2.0,26.0,9.0,15.98578947368421
316,autumn,4.0,25.022702702702702,0.16522522522522523,3.0,27.0,9.0,27.257597340930676
317,autumn,4.0,19.76835443037975,0.25854430379746834,4.0,28.0,9.0,25.022702702702702
318,autumn,4.0,25.662535919540232,0.3541666666666667,5.0,29.0,9.0,19.76835443037975
319,autumn,4.0,13.966973244147157,0.07107023411371238,6.0,30.0,9.0,25.662535919540232
320,autumn,4.0,25.322972972972973,0.22927927927927927,0.0,1.0,10.0,13.966973244147157
321,autumn,4.0,19.438338493292054,0.24045407636738908,1.0,2.0,10.0,25.322972972972973
322,autumn,4.0,21.091824526420737,0.1593220338983051,2.0,3.0,10.0,19.438338493292054
323,autumn,4.0,23.361939258846476,0.11235720256338813,3.0,4.0,10.0,21.091824526420737
324,autumn,4.0,15.4212460425147,0.1989484396200814,4.0,5.0,10.0,23.361939258846476
325,autumn,4.0,20.703065653825284,0.19519804666304935,5.0,6.0,10.0,15.4212460425147
326,autumn,4.0,16.387205387205388,0.17845117845117844,6.0,7.0,10.0,20.703065653825284
327,autumn,4.0,12.51807770042668,0.10801706714574444,0.0,8.0,10.0,16.387205387205388
328,autumn,4.0,14.984672304439744,0.1744186046511628,1.0,9.0,10.0,12.51807770042668
329,autumn,4.0,14.984672304439744,0.1744186046511628,2.0,10.0,10.0,14.984672304439744
330,autumn,4.0,14.984672304439744,0.1744186046511628,3.0,11.0,10.0,14.984672304439744
331,autumn,4.0,14.984672304439744,0.1744186046511628,4.0,12.0,10.0,14.984672304439744
332,autumn,4.0,14.984672304439744,0.1744186046511628,5.0,13.0,10.0,14.984672304439744
333,autumn,4.0,14.984672304439744,0.1744186046511628,6.0,14.0,10.0,14.984672304439744
334,autumn,4.0,14.984672304439744,0.1744186046511628,0.0,15.0,10.0,14.984672304439744
335,autumn,4.0,33.13650793650794,0.6396825396825396,1.0,16.0,10.0,14.984672304439744
336,autumn,4.0,27.245947850599016,0.1929762743716232,2.0,17.0,10.0,33.13650793650794
337,autumn,4.0,19.524640843789783,0.1728496090198218,3.0,18.0,10.0,27.245947850599016
338,autumn,4.0,31.857728787490387,0.1771981543194053,4.0,19.0,10.0,19.524640843789783
339,autumn,4.0,20.53645066273932,0.27209131075110454,5.0,20.0,10.0,31.857728787490387
340,autumn,4.0,35.39622641509434,0.04716981132075472,6.0,21.0,10.0,20.53645066273932
341,autumn,4.0,24.39597942964002,0.17882187938288918,0.0,22.0,10.0,35.39622641509434
342,autumn,4.0,18.881410256410255,0.21794871794871795,1.0,23.0,10.0,24.39597942964002
343,autumn,4.0,25.089792926516402,0.2765255634964266,2.0,24.0,10.0,18.881410256410255
344,autumn,4.0,23.816715758468334,0.25979381443298966,3.0,25.0,10.0,25.089792926516402
345,autumn,4.0,26.349184782608695,0.18206521739130435,4.0,26.0,10.0,23.816715758468334
346,autumn,4.0,16.01779935275081,0.10203693127736532,5.0,27.0,10.0,26.349184782608695
347,autumn,4.0,17.10238020176545,0.20917402269861288,6.0,28.0,10.0,16.01779935275081
348,autumn,4.0,19.446856422266258,0.11799675734101964,0.0,29.0,10.0,17.10238020176545
349,autumn,4.0,12.597081930415264,0.06601367207427813,1.0,30.0,10.0,19.446856422266258
350,autumn,4.0,30.286309523809525,0.08095238095238096,2.0,31.0,10.0,12.597081930415264
351,autumn,4.0,32.91214645486246,0.247675319643549,3.0,1.0,11.0,30.286309523809525
352,autumn,4.0,33.93824163969795,0.2681846201263677,4.0,2.0,11.0,32.91214645486246
353,autumn,4.0,26.202185792349724,0.15037080405932865,5.0,3.0,11.0,33.93824163969795
354,autumn,4.0,33.34460916442048,0.23881401617250672,6.0,4.0,11.0,26.202185792349724
355,autumn,4.0,28.33532681940701,0.23298517520215634,0.0,5.0,11.0,33.34460916442048
356,autumn,4.0,24.150293935643564,0.1719523514851485,1.0,6.0,11.0,28.33532681940701
357,autumn,4.0,27.113736263736264,0.08201798201798202,2.0,7.0,11.0,24.150293935643564
358,autumn,4.0,19.49077380952381,0.09107142857142857,3.0,8.0,11.0,27.113736263736264
359,autumn,4.0,25.713171317131714,0.08652115211521152,4.0,9.0,11.0,19.49077380952381
360,autumn,4.0,18.149509433962265,0.19516981132075473,5.0,10.0,11.0,25.713171317131714
361,autumn,4.0,26.934913720891274,0.14332383983916905,6.0,11.0,11.0,18.149509433962265
362,autumn,4.0,33.64982456140351,0.3805263157894737,0.0,12.0,11.0,26.934913720891274
363,autumn,4.0,43.73094888562659,0.42172694514880554,1.0,13.0,11.0,33.64982456140351
364,autumn,4.0,35.78846153846154,0.5490523968784838,2.0,14.0,11.0,43.73094888562659
365,autumn,4.0,25.73071701838825,0.15605331358756017,3.0,15.0,11.0,35.78846153846154
366,autumn,4.0,23.17151442307692,0.14795673076923077,4.0,16.0,11.0,25.73071701838825
367,autumn,4.0,43.132666666666665,0.2188888888888889,5.0,17.0,11.0,23.17151442307692
368,autumn,4.0,18.988095238095237,0.1746031746031746,6.0,18.0,11.0,43.132666666666665
369,autumn,4.0,27.57418699186992,0.2850609756097561,0.0,19.0,11.0,18.988095238095237
370,autumn,4.0,22.267276422764226,0.28328252032520324,1.0,20.0,11.0,27.57418699186992
371,autumn,4.0,27.424734748010607,0.21761715296198056,2.0,21.0,11.0,22.267276422764226
372,autumn,4.0,17.803517803517803,0.25975975975975973,3.0,22.0,11.0,27.424734748010607
373,autumn,4.0,30.9242191500256,0.35778289810547875,4.0,23.0,11.0,17.803517803517803
374,autumn,4.0,25.916318132757688,0.14516999460334593,5.0,24.0,11.0,30.9242191500256
375,autumn,4.0,25.682247899159663,0.12710084033613445,6.0,25.0,11.0,25.916318132757688
376,autumn,4.0,15.024122807017545,0.20873205741626794,0.0,26.0,11.0,25.682247899159663
377,autumn,4.0,35.19089900110988,0.19739971460282224,1.0,27.0,11.0,15.024122807017545
378,autumn,4.0,23.16898148148148,0.15,2.0,28.0,11.0,35.19089900110988
379,autumn,4.0,21.159188034188034,0.1623931623931624,3.0,29.0,11.0,23.16898148148148
380,autumn,4.0,19.39818181818182,0.1869090909090909,4.0,30.0,11.0,21.159188034188034
381,autumn,4.0,15.512271973466003,0.20027639579878387,5.0,1.0,12.0,19.39818181818182
382,autumn,4.0,14.721736117127264,0.11418175517629732,6.0,2.0,12.0,15.512271973466003
383,autumn,4.0,26.698409924864585,0.4278787349292329,0.0,3.0,12.0,14.721736117127264
384,autumn,4.0,16.372658079625293,0.1813231850117096,1.0,4.0,12.0,26.698409924864585
385,autumn,4.0,19.82143820831085,0.17444684295736645,2.0,5.0,12.0,16.372658079625293
386,autumn,4.0,35.80935127674258,0.33143547273982055,3.0,6.0,12.0,19.82143820831085
387,autumn,4.0,34.91325280112045,0.41250875350140054,4.0,7.0,12.0,35.80935127674258
388,autumn,4.0,20.994068248467073,0.3334444148227139,5.0,8.0,12.0,34.91325280112045
389,autumn,4.0,20.431275303643726,0.1521255060728745,6.0,9.0,12.0,20.994068248467073
390,autumn,4.0,19.061126166817225,0.32324601023788013,0.0,10.0,12.0,20.431275303643726
391,autumn,4.0,51.71695680206318,0.17101869761444227,1.0,11.0,12.0,19.061126166817225
392,autumn,4.0,40.96124089805825,0.32850424757281554,2.0,12.0,12.0,51.71695680206318
393,autumn,4.0,22.708616780045354,0.2840136054421769,3.0,13.0,12.0,40.96124089805825
394,autumn,4.0,22.565119363395226,0.3840848806366048,4.0,14.0,12.0,22.708616780045354
395,autumn,4.0,20.970180893159977,0.14513849632560769,5.0,15.0,12.0,22.565119363395226
396,autumn,4.0,18.53239875389408,0.10747663551401869,6.0,16.0,12.0,20.970180893159977
397,autumn,4.0,20.5,0.20253164556962025,0.0,17.0,12.0,18.53239875389408
398,autumn,4.0,16.10959595959596,0.16616161616161618,1.0,18.0,12.0,20.5
399,autumn,4.0,23.904561671763506,0.11034658511722732,2.0,19.0,12.0,16.10959595959596
400,autumn,4.0,33.541758241758245,0.07596153846153847,3.0,20.0,12.0,23.904561671763506
401,winter,4.0,39.8,0.0375,4.0,21.0,12.0,33.541758241758245
402,winter,4.0,61.0,0.0,5.0,22.0,12.0,39.8
403,winter,4.0,30.00709219858156,0.0,6.0,23.0,12.0,61.0
404,winter,4.0,19.30357142857143,0.4107142857142857,0.0,24.0,12.0,30.00709219858156
405,winter,4.0,18.088652482269502,0.08865248226950355,1.0,25.0,12.0,19.30357142857143
406,winter,4.0,18.0,0.0,2.0,26.0,12.0,18.088652482269502
407,winter,4.0,18.0,0.0,3.0,27.0,12.0,18.0
408,winter,4.0,21.86300309597523,0.5061919504643964,4.0,28.0,12.0,18.0
409,winter,4.0,21.828782894736843,0.434375,5.0,29.0,12.0,21.86300309597523
410,winter,4.0,35.147348484848486,0.17916666666666667,6.0,30.0,12.0,21.828782894736843
411,winter,4.0,38.63721413721414,0.2948717948717948,0.0,31.0,12.0,35.147348484848486
412,winter,4.0,38.63721413721414,0.2948717948717948,1.0,1.0,1.0,38.63721413721414
413,winter,4.0,12.466666666666667,0.4,2.0,2.0,1.0,38.63721413721414
414,winter,4.0,21.069032258064517,0.2364516129032258,3.0,3.0,1.0,12.466666666666667
415,winter,4.0,23.128607172643868,0.22427022518765638,4.0,4.0,1.0,21.069032258064517
416,winter,4.0,17.927125506072876,0.25303643724696356,5.0,5.0,1.0,23.128607172643868
417,winter,4.0,39.88787878787879,0.15984848484848485,6.0,6.0,1.0,17.927125506072876
418,winter,4.0,19.883309421329507,0.20576279292204688,0.0,7.0,1.0,39.88787878787879
419,winter,4.0,28.659822866344605,0.23188405797101447,1.0,8.0,1.0,19.883309421329507
420,winter,4.0,15.061445341159207,0.10895084372707263,2.0,9.0,1.0,28.659822866344605
421,winter,4.0,27.175438596491226,0.3201754385964912,3.0,10.0,1.0,15.061445341159207
422,winter,4.0,15.41333098219009,0.0794392523364486,4.0,11.0,1.0,27.175438596491226
423,winter,4.0,30.048051217109894,0.2033910229351344,5.0,12.0,1.0,15.41333098219009
424,winter,4.0,20.260976702508962,0.38866487455197135,6.0,13.0,1.0,30.048051217109894
425,winter,4.0,21.034485651955027,0.23250545393522404,0.0,14.0,1.0,20.260976702508962
426,winter,4.0,62.28294149808639,0.3253143794423182,1.0,15.0,1.0,21.034485651955027
427,winter,4.0,32.287776947971125,0.31926811053024645,2.0,16.0,1.0,62.28294149808639
428,winter,4.0,58.682140146724,0.5997343789526941,3.0,17.0,1.0,32.287776947971125
429,winter,4.0,44.421863013698626,0.3684383561643836,4.0,18.0,1.0,58.682140146724
430,winter,4.0,37.47226151186547,0.455052648121955,5.0,19.0,1.0,44.421863013698626
431,winter,4.0,32.50505145878576,0.323718251345482,6.0,20.0,1.0,37.47226151186547
432,winter,4.0,26.467799642218246,0.5655507283414261,0.0,21.0,1.0,32.50505145878576
433,winter,4.0,49.55417854792718,0.21463040140381662,1.0,22.0,1.0,26.467799642218246
434,winter,4.0,24.170583869371598,0.28748144482929244,2.0,23.0,1.0,49.55417854792718
435,winter,4.0,30.411359425660027,0.1790180639184808,3.0,24.0,1.0,24.170583869371598
436,winter,4.0,26.39438751746623,0.3786679087098277,4.0,25.0,1.0,30.411359425660027
437,winter,4.0,27.32675438596491,0.18796992481203006,5.0,26.0,1.0,26.39438751746623
438,winter,4.0,19.838212025316455,0.11797863924050633,6.0,27.0,1.0,27.32675438596491
439,winter,4.0,27.91726285108638,0.277888182299947,0.0,28.0,1.0,19.838212025316455
440,winter,4.0,39.01041828642513,0.555279116778106,1.0,29.0,1.0,27.91726285108638
441,winter,4.0,23.747311827956988,0.11714770797962648,2.0,30.0,1.0,39.01041828642513
442,winter,4.0,33.806501547987615,0.1805985552115583,3.0,31.0,1.0,23.747311827956988
443,winter,4.0,15.939343453042085,0.2420091324200913,4.0,1.0,2.0,33.806501547987615
444,winter,4.0,10.489350912778905,0.049188640973630834,5.0,2.0,2.0,15.939343453042085
445,winter,4.0,11.25776397515528,0.09316770186335403,6.0,3.0,2.0,10.489350912778905
446,winter,4.0,20.744791666666668,0.06865530303030302,0.0,4.0,2.0,11.25776397515528
447,winter,4.0,24.28476368159204,0.2152363184079602,1.0,5.0,2.0,20.744791666666668
448,winter,4.0,29.141368144100383,0.37391216352964984,2.0,6.0,2.0,24.28476368159204
449,winter,4.0,31.62543859649123,0.29789473684210527,3.0,7.0,2.0,29.141368144100383
450,winter,4.0,17.864802787897986,0.24798035799144622,4.0,8.0,2.0,31.62543859649123
451,winter,4.0,20.14238294898672,0.19601677148846958,5.0,9.0,2.0,17.864802787897986
452,winter,4.0,16.518958333333334,0.1589583333333333,6.0,10.0,2.0,20.14238294898672
453,winter,4.0,35.57268988872762,0.4423076923076923,0.0,11.0,2.0,16.518958333333334
454,winter,4.0,33.22667464114832,0.2931818181818182,1.0,12.0,2.0,35.57268988872762
455,winter,4.0,49.48917869034406,0.33046614872364044,2.0,13.0,2.0,33.22667464114832
456,winter,4.0,25.54042634914538,0.24092567697330516,3.0,14.0,2.0,49.48917869034406
457,winter,4.0,18.564186965108625,0.21247531270572745,4.0,15.0,2.0,25.54042634914538
458,winter,4.0,28.130909090909093,0.1409090909090909,5.0,16.0,2.0,18.564186965108625
459,winter,4.0,31.617271505376344,0.4453965053763441,6.0,17.0,2.0,28.130909090909093
460,winter,4.0,33.88297872340426,0.10224586288416075,0.0,18.0,2.0,31.617271505376344
461,winter,4.0,32.38160075775515,0.35010655931802037,1.0,19.0,2.0,33.88297872340426
462,winter,4.0,16.01162790697674,0.1569767441860465,2.0,20.0,2.0,32.38160075775515
463,winter,4.0,33.36440677966102,0.30867014341590615,3.0,21.0,2.0,16.01162790697674
464,winter,4.0,30.02737119437939,0.3627781030444965,4.0,22.0,2.0,33.36440677966102
465,winter,4.0,32.042857142857144,0.1464285714285714,5.0,23.0,2.0,30.02737119437939
466,winter,4.0,20.19045730901401,0.12357916997092255,6.0,24.0,2.0,32.042857142857144
467,winter,4.0,23.63015438733633,0.4714676568301739,0.0,25.0,2.0,20.19045730901401
468,winter,4.0,40.21359447004608,0.3723502304147465,1.0,26.0,2.0,23.63015438733633
469,winter,4.0,29.08726205301548,0.2773527842020993,2.0,27.0,2.0,40.21359447004608
470,winter,4.0,15.552767776777678,0.25573807380738073,3.0,28.0,2.0,29.08726205301548
471,winter,4.0,26.788838951310865,0.28119850187265916,4.0,1.0,3.0,15.552767776777678
472,winter,4.0,31.66346153846154,0.3846153846153846,5.0,2.0,3.0,26.788838951310865
473,winter,4.0,24.390259329538267,0.2811511701454775,6.0,3.0,3.0,31.66346153846154
474,winter,4.0,14.189670605084139,0.18859649122807018,0.0,4.0,3.0,24.390259329538267
475,winter,4.0,26.22174390914087,0.12538926543322954,1.0,5.0,3.0,14.189670605084139
476,winter,4.0,31.907273325654103,0.5916570676320553,2.0,6.0,3.0,26.22174390914087
477,winter,4.0,26.236196830692244,0.20567139282735614,3.0,7.0,3.0,31.907273325654103
478,winter,4.0,22.334882878531758,0.17067133542622553,4.0,8.0,3.0,26.236196830692244
479,winter,4.0,23.732168162494094,0.3383719099354432,5.0,9.0,3.0,22.334882878531758
480,winter,4.0,35.13698630136986,0.33574446293688387,6.0,10.0,3.0,23.732168162494094
481,winter,4.0,28.750968399592253,0.40621814475025486,0.0,11.0,3.0,35.13698630136986
482,winter,4.0,16.25456389452333,0.18728870858688304,1.0,12.0,3.0,28.750968399592253
483,winter,4.0,76.14367816091954,0.5020283975659229,2.0,13.0,3.0,16.25456389452333
484,winter,4.0,51.58888888888889,0.5076923076923077,3.0,14.0,3.0,76.14367816091954
485,winter,4.0,12.43483709273183,0.09649122807017543,4.0,15.0,3.0,51.58888888888889
486,winter,4.0,23.656341463414634,0.24317073170731707,5.0,16.0,3.0,12.43483709273183
487,winter,4.0,30.096364932287955,0.24554526015680683,6.0,17.0,3.0,23.656341463414634
488,winter,4.0,20.10916095890411,0.17294520547945205,0.0,18.0,3.0,30.096364932287955
489,winter,4.0,58.29298048048048,0.4983108108108108,1.0,19.0,3.0,20.10916095890411
490,winter,4.0,20.947811447811446,0.16056397306397308,2.0,20.0,3.0,58.29298048048048
491,spring,4.0,32.082602018429135,0.26722246599385696,3.0,21.0,3.0,20.947811447811446
492,spring,4.0,34.75799169225212,0.22593462163626513,4.0,22.0,3.0,32.082602018429135
493,spring,4.0,12.762376237623762,0.07425742574257425,5.0,23.0,3.0,34.75799169225212
494,spring,4.0,12.532608695652174,0.11739130434782609,6.0,24.0,3.0,12.762376237623762
495,spring,4.0,22.64767206477733,0.11305668016194331,0.0,25.0,3.0,12.532608695652174
496,spring,4.0,34.72677484787018,0.5906693711967546,1.0,26.0,3.0,22.64767206477733
497,spring,4.0,19.100272055965796,0.3132530120481928,2.0,27.0,3.0,34.72677484787018
498,spring,4.0,19.86488562649368,0.2602424035506999,3.0,28.0,3.0,19.100272055965796
499,spring,4.0,34.28562091503268,0.16209150326797386,4.0,29.0,3.0,19.86488562649368
500,spring,4.0,34.28562091503268,0.16209150326797386,5.0,30.0,3.0,34.28562091503268
501,spring,4.0,34.28562091503268,0.16209150326797386,6.0,31.0,3.0,34.28562091503268
502,spring,4.0,34.28562091503268,0.16209150326797386,0.0,1.0,4.0,34.28562091503268
503,spring,4.0,34.28562091503268,0.16209150326797386,1.0,2.0,4.0,34.28562091503268
504,spring,4.0,27.426974143955277,0.3284416491963662,2.0,3.0,4.0,34.28562091503268
505,spring,4.0,23.987353372434015,0.20271260997067447,3.0,4.0,4.0,27.426974143955277
506,spring,4.0,32.96296296296296,0.13580246913580246,4.0,5.0,4.0,23.987353372434015
507,spring,4.0,15.220969089390142,0.22180451127819548,5.0,6.0,4.0,32.96296296296296
508,spring,4.0,15.819252432155658,0.1912442396313364,6.0,7.0,4.0,15.220969089390142
509,spring,4.0,21.425454545454546,0.23090909090909092,0.0,8.0,4.0,15.819252432155658
510,spring,4.0,21.425454545454546,0.23090909090909092,1.0,9.0,4.0,21.425454545454546
511,spring,4.0,24.68030303030303,0.3227272727272727,2.0,10.0,4.0,21.425454545454546
512,spring,4.0,48.714170692431566,0.5434782608695652,3.0,11.0,4.0,24.68030303030303
513,spring,4.0,41.34791666666666,0.25,4.0,12.0,4.0,48.714170692431566
514,spring,4.0,18.00986842105263,0.23421052631578945,5.0,13.0,4.0,41.34791666666666
515,spring,4.0,16.261402753872634,0.20955249569707401,6.0,14.0,4.0,18.00986842105263
516,spring,4.0,21.04385964912281,0.08641975308641975,0.0,15.0,4.0,16.261402753872634
517,spring,4.0,42.82587412587412,0.21818181818181817,1.0,16.0,4.0,21.04385964912281
518,spring,4.0,24.203947368421055,0.15789473684210525,2.0,17.0,4.0,42.82587412587412
519,spring,4.0,25.63649706457926,0.14554794520547945,3.0,18.0,4.0,24.203947368421055
520,spring,4.0,57.953763440860214,0.28860215053763444,4.0,19.0,4.0,25.63649706457926
521,spring,4.0,58.64304915514593,0.35503072196620583,5.0,20.0,4.0,57.953763440860214
522,spring,4.0,18.783834586466163,0.21729323308270676,6.0,21.0,4.0,58.64304915514593
523,spring,4.0,21.952861952861955,0.09259259259259259,0.0,22.0,4.0,18.783834586466163
524,spring,4.0,22.20405669599218,0.2883675464320625,1.0,23.0,4.0,21.952861952861955
525,spring,4.0,21.44892857142857,0.16285714285714284,2.0,24.0,4.0,22.20405669599218
526,spring,4.0,24.464383561643835,0.09080234833659491,3.0,25.0,4.0,21.44892857142857
527,spring,4.0,14.125510204081632,0.3760204081632653,4.0,26.0,4.0,24.464383561643835
528,spring,4.0,29.576190476190476,0.3214285714285714,5.0,27.0,4.0,14.125510204081632
529,spring,4.0,21.868589743589745,0.2403846153846154,6.0,28.0,4.0,29.576190476190476
530,spring,4.0,14.971399387129724,0.26506639427987744,0.0,29.0,4.0,21.868589743589745
